commodity,timestamp,open,high,low,close
XAU/USD,2025-10-14 04:30:00,4121.71,4121.71,4115.09,4116.06
XAU/USD,2025-10-14 04:45:00,4116.06,4116.48,4110.72,4112.28
XAU/USD,2025-10-14 05:00:00,4112.29,4112.29,4108.61,4109.0
XAU/USD,2025-10-14 05:15:00,4109.32,4115.17,4109.32,4112.99
XAU/USD,2025-10-14 05:30:00,4112.99,4115.43,4110.07,4111.1
XAU/USD,2025-10-14 05:45:00,4111.1,4113.28,4108.67,4110.64
XAU/USD,2025-10-14 06:00:00,4111.12,4111.95,4101.58,4107.84
XAU/USD,2025-10-14 06:15:00,4107.84,4117.21,4107.13,4115.4
XAU/USD,2025-10-14 06:30:00,4115.4,4116.54,4110.38,4112.67
XAU/USD,2025-10-14 06:45:00,4112.68,4124.06,4112.47,4124.0
XAU/USD,2025-10-14 07:00:00,4124.0,4124.23,4117.58,4120.38
XAU/USD,2025-10-14 07:15:00,4120.39,4122.51,4116.6,4122.47
XAU/USD,2025-10-14 07:30:00,4122.47,4122.47,4117.77,4119.0
XAU/USD,2025-10-14 07:45:00,4119.0,4123.62,4118.99,4121.65
XAU/USD,2025-10-14 08:00:00,4121.58,4123.19,4121.33,4121.36
XAU/USD,2025-10-14 08:15:00,4121.36,4123.54,4120.26,4123.11
XAU/USD,2025-10-14 08:30:00,4123.11,4123.65,4122.75,4123.06
XAU/USD,2025-10-14 08:45:00,4123.06,4123.7,4122.22,4122.78
XAU/USD,2025-10-14 09:00:00,4122.78,4123.65,4122.19,4122.9
XAU/USD,2025-10-14 09:15:00,4122.9,4123.36,4118.48,4118.86
XAU/USD,2025-10-14 09:30:00,4118.86,4118.86,4115.26,4118.12
XAU/USD,2025-10-14 09:45:00,4118.12,4126.01,4118.12,4125.01
XAU/USD,2025-10-14 10:00:00,4125.01,4125.5,4120.99,4123.63
XAU/USD,2025-10-14 10:15:00,4123.62,4125.91,4123.52,4125.21
XAU/USD,2025-10-14 10:30:00,4125.21,4139.92,4125.21,4137.92
XAU/USD,2025-10-14 10:45:00,4137.8,4142.3,4137.04,4141.69
XAU/USD,2025-10-14 11:00:00,4141.69,4144.47,4133.53,4137.2
XAU/USD,2025-10-14 11:15:00,4137.2,4140.08,4133.47,4139.96
XAU/USD,2025-10-14 11:30:00,4139.96,4145.05,4139.23,4142.96
XAU/USD,2025-10-14 11:45:00,4142.97,4143.46,4140.01,4140.01
XAU/USD,2025-10-14 12:00:00,4140.0,4154.0,4138.32,4153.94
XAU/USD,2025-10-14 12:15:00,4154.0,4164.61,4154.0,4162.78
XAU/USD,2025-10-14 12:30:00,4162.78,4166.0,4149.81,4155.91
XAU/USD,2025-10-14 12:45:00,4155.91,4155.91,4147.13,4153.59
XAU/USD,2025-10-14 13:00:00,4153.51,4157.83,4153.51,4157.28
XAU/USD,2025-10-14 13:15:00,4157.29,4158.71,4154.0,4158.64
XAU/USD,2025-10-14 13:30:00,4158.64,4166.0,4158.51,4165.03
XAU/USD,2025-10-14 13:45:00,4165.04,4166.0,4160.31,4162.84
XAU/USD,2025-10-14 14:00:00,4162.85,4176.0,4162.09,4171.49
XAU/USD,2025-10-14 14:15:00,4171.49,4175.88,4167.53,4173.23
XAU/USD,2025-10-14 14:30:00,4173.23,4180.0,4172.93,4178.22
XAU/USD,2025-10-14 14:45:00,4178.22,4183.67,4176.96,4179.1
XAU/USD,2025-10-14 15:00:00,4179.11,4184.79,4177.33,4184.77
XAU/USD,2025-10-14 15:15:00,4184.78,4184.78,4173.36,4179.3
XAU/USD,2025-10-14 15:30:00,4179.3,4179.84,4170.31,4178.59
XAU/USD,2025-10-14 15:45:00,4178.59,4185.4,4177.99,4185.04
XAU/USD,2025-10-14 16:00:00,4185.04,4198.79,4183.1,4195.04
XAU/USD,2025-10-14 16:15:00,4195.03,4200.0,4190.73,4194.97
XAU/USD,2025-10-14 16:30:00,4194.83,4195.72,4119.71,4120.38
XAU/USD,2025-10-14 16:45:00,4120.38,4152.09,4120.38,4132.44
XAU/USD,2025-10-14 17:00:00,4132.28,4146.62,4120.88,4123.64
XAU/USD,2025-10-14 17:15:00,4123.76,4133.23,4103.38,4129.5
XAU/USD,2025-10-14 17:30:00,4129.35,4129.56,4114.83,4114.83
XAU/USD,2025-10-14 17:45:00,4114.83,4127.78,4107.7,4127.5
XAU/USD,2025-10-14 18:00:00,4127.28,4128.16,4118.3,4127.2
XAU/USD,2025-10-14 18:15:00,4127.5,4143.27,4127.19,4140.1
XAU/USD,2025-10-14 18:30:00,4140.11,4143.11,4134.9,4135.91
XAU/USD,2025-10-14 18:45:00,4135.91,4143.19,4135.91,4142.41
XAU/USD,2025-10-14 19:00:00,4142.41,4158.44,4142.41,4157.91
XAU/USD,2025-10-14 19:15:00,4158.03,4160.87,4154.91,4160.87
XAU/USD,2025-10-14 19:30:00,4160.87,4160.87,4147.04,4147.05
XAU/USD,2025-10-14 19:45:00,4147.05,4157.8,4147.05,4157.28
XAU/USD,2025-10-14 20:00:00,4157.27,4157.4,4150.0,4155.22
XAU/USD,2025-10-14 20:15:00,4155.21,4161.26,4151.58,4155.0
XAU/USD,2025-10-14 20:30:00,4155.0,4157.46,4150.03,4150.03
XAU/USD,2025-10-14 20:45:00,4150.03,4150.03,4136.0,4141.57
XAU/USD,2025-10-14 21:00:00,4141.57,4143.14,4130.48,4140.49
XAU/USD,2025-10-14 21:15:00,4140.49,4150.88,4139.01,4149.91
XAU/USD,2025-10-14 21:30:00,4149.91,4153.0,4148.22,4150.32
XAU/USD,2025-10-14 21:45:00,4150.32,4150.32,4140.27,4142.69
XAU/USD,2025-10-14 22:00:00,4142.7,4145.29,4140.86,4141.12
XAU/USD,2025-10-14 22:15:00,4141.12,4150.0,4138.79,4140.58
XAU/USD,2025-10-14 22:30:00,4140.58,4142.38,4133.99,4140.62
XAU/USD,2025-10-14 22:45:00,4140.61,4141.93,4135.45,4139.6
XAU/USD,2025-10-14 23:00:00,4139.59,4145.01,4137.13,4138.75
XAU/USD,2025-10-14 23:15:00,4138.75,4143.27,4126.79,4129.89
XAU/USD,2025-10-14 23:30:00,4129.96,4130.3,4116.76,4119.99
XAU/USD,2025-10-14 23:45:00,4119.99,4123.09,4116.1,4117.73
XAU/USD,2025-10-15 00:00:00,4117.73,4131.09,4112.0,4128.51
XAU/USD,2025-10-15 00:15:00,4128.51,4133.94,4120.23,4125.39
XAU/USD,2025-10-15 00:30:00,4125.38,4141.09,4121.2,4140.69
XAU/USD,2025-10-15 00:45:00,4140.68,4143.31,4128.0,4136.3
XAU/USD,2025-10-15 01:00:00,4136.3,4149.01,4133.08,4144.7
XAU/USD,2025-10-15 01:15:00,4145.41,4147.55,4139.71,4144.97
XAU/USD,2025-10-15 01:30:00,4145.17,4150.0,4138.69,4141.8
XAU/USD,2025-10-15 01:45:00,4141.85,4146.0,4139.3,4140.8
XAU/USD,2025-10-15 02:00:00,4140.8,4151.65,4138.89,4150.77
XAU/USD,2025-10-15 02:15:00,4150.77,4152.42,4147.49,4149.42
XAU/USD,2025-10-15 02:30:00,4149.43,4154.22,4148.8,4150.38
XAU/USD,2025-10-15 02:45:00,4150.38,4150.72,4144.01,4148.88
XAU/USD,2025-10-15 03:00:00,4148.94,4152.26,4141.86,4143.37
XAU/USD,2025-10-15 03:15:00,4143.37,4151.55,4140.0,4146.81
XAU/USD,2025-10-15 03:30:00,4146.8,4155.96,4145.49,4154.76
XAU/USD,2025-10-15 03:45:00,4154.76,4169.43,4154.2,4155.7
XAU/USD,2025-10-15 04:00:00,4154.96,4172.69,4152.4,4161.26
XAU/USD,2025-10-15 04:15:00,4161.26,4169.28,4160.13,4162.67
XAU/USD,2025-10-15 04:30:00,4164.18,4173.19,4164.17,4166.34
XAU/USD,2025-10-15 04:45:00,4166.34,4166.34,4160.51,4162.76
XAU/USD,2025-10-15 05:00:00,4162.75,4169.12,4160.67,4162.78
XAU/USD,2025-10-15 05:15:00,4162.77,4164.18,4158.18,4162.59
XAU/USD,2025-10-15 05:30:00,4162.59,4165.35,4158.69,4161.6
XAU/USD,2025-10-15 05:45:00,4161.6,4163.83,4161.6,4161.89
XAU/USD,2025-10-15 06:00:00,4161.89,4165.96,4161.45,4162.91
XAU/USD,2025-10-15 06:15:00,4162.91,4163.01,4161.48,4161.89
XAU/USD,2025-10-15 06:30:00,4161.88,4162.67,4146.31,4152.43
XAU/USD,2025-10-15 06:45:00,4152.44,4157.36,4150.0,4155.65
XAU/USD,2025-10-15 07:00:00,4155.53,4159.66,4153.26,4155.22
XAU/USD,2025-10-15 07:15:00,4155.22,4158.34,4155.21,4156.27
XAU/USD,2025-10-15 07:30:00,4156.28,4156.28,4153.62,4154.36
XAU/USD,2025-10-15 07:45:00,4154.35,4156.94,4153.9,4153.92
XAU/USD,2025-10-15 08:00:00,4153.91,4154.58,4152.65,4152.65
XAU/USD,2025-10-15 08:15:00,4152.65,4154.55,4151.67,4154.54
XAU/USD,2025-10-15 08:30:00,4154.55,4156.8,4154.54,4156.8
XAU/USD,2025-10-15 08:45:00,4156.8,4157.98,4155.06,4155.55
XAU/USD,2025-10-15 09:00:00,4155.54,4170.34,4153.35,4170.31
XAU/USD,2025-10-15 09:15:00,4170.31,4174.25,4165.39,4166.15
XAU/USD,2025-10-15 09:30:00,4166.14,4172.32,4163.18,4170.13
XAU/USD,2025-10-15 09:45:00,4170.54,4177.61,4170.41,4171.62
XAU/USD,2025-10-15 10:00:00,4171.61,4174.0,4169.0,4171.76
XAU/USD,2025-10-15 10:15:00,4171.77,4177.37,4171.77,4177.36
XAU/USD,2025-10-15 10:30:00,4177.37,4180.74,4176.37,4177.76
XAU/USD,2025-10-15 10:45:00,4177.75,4184.13,4176.7,4176.71
XAU/USD,2025-10-15 11:00:00,4176.7,4183.45,4174.1,4183.45
XAU/USD,2025-10-15 11:15:00,4183.45,4184.95,4170.81,4172.34
XAU/USD,2025-10-15 11:30:00,4172.35,4183.03,4171.02,4181.61
XAU/USD,2025-10-15 11:45:00,4181.76,4182.35,4176.5,4177.88
XAU/USD,2025-10-15 12:00:00,4177.95,4200.0,4177.95,4195.48
XAU/USD,2025-10-15 12:15:00,4195.49,4204.01,4191.54,4201.5
XAU/USD,2025-10-15 12:30:00,4201.5,4203.67,4193.4,4195.25
XAU/USD,2025-10-15 12:45:00,4195.23,4199.1,4194.03,4198.98
XAU/USD,2025-10-15 13:00:00,4198.98,4201.05,4194.99,4195.74
XAU/USD,2025-10-15 13:15:00,4195.78,4201.22,4195.77,4197.12
XAU/USD,2025-10-15 13:30:00,4197.11,4197.11,4188.0,4191.68
XAU/USD,2025-10-15 13:45:00,4191.68,4195.18,4188.0,4194.48
XAU/USD,2025-10-15 14:00:00,4194.49,4200.79,4194.49,4199.69
XAU/USD,2025-10-15 14:15:00,4199.7,4201.25,4197.42,4200.75
XAU/USD,2025-10-15 14:30:00,4200.75,4200.94,4199.0,4200.37
XAU/USD,2025-10-15 14:45:00,4200.37,4207.13,4200.32,4205.24
XAU/USD,2025-10-15 15:00:00,4205.24,4208.37,4200.71,4205.74
XAU/USD,2025-10-15 15:15:00,4205.74,4205.74,4191.24,4194.76
XAU/USD,2025-10-15 15:30:00,4194.75,4197.06,4191.73,4196.23
XAU/USD,2025-10-15 15:45:00,4196.23,4197.51,4194.69,4195.78
XAU/USD,2025-10-15 16:00:00,4195.78,4203.41,4193.71,4203.41
XAU/USD,2025-10-15 16:15:00,4203.41,4204.81,4192.99,4204.56
XAU/USD,2025-10-15 16:30:00,4204.28,4204.69,4197.82,4201.8
XAU/USD,2025-10-15 16:45:00,4201.61,4204.81,4198.64,4198.72
XAU/USD,2025-10-15 17:00:00,4198.75,4200.99,4198.75,4200.53
XAU/USD,2025-10-15 17:15:00,4208.5,4209.56,4203.3,4205.92
XAU/USD,2025-10-15 17:30:00,4205.92,4211.0,4202.77,4210.99
XAU/USD,2025-10-15 17:45:00,4211.0,4217.93,4211.0,4217.93
XAU/USD,2025-10-15 18:00:00,4217.93,4221.15,4214.46,4216.83
XAU/USD,2025-10-15 18:15:00,4216.83,4217.55,4210.06,4215.51
XAU/USD,2025-10-15 18:30:00,4215.51,4225.99,4215.5,4223.52
XAU/USD,2025-10-15 18:45:00,4223.52,4227.36,4222.0,4224.66
XAU/USD,2025-10-15 19:00:00,4224.94,4239.54,4224.94,4233.0
XAU/USD,2025-10-15 19:15:00,4232.71,4240.29,4227.74,4228.04
XAU/USD,2025-10-15 19:30:00,4228.05,4235.06,4228.04,4232.91
XAU/USD,2025-10-15 19:45:00,4232.9,4233.62,4226.83,4226.84
XAU/USD,2025-10-15 20:00:00,4226.66,4227.7,4219.15,4219.16
XAU/USD,2025-10-15 20:15:00,4219.16,4220.13,4188.0,4207.91
XAU/USD,2025-10-15 20:30:00,4207.9,4213.95,4206.29,4212.49
XAU/USD,2025-10-15 20:45:00,4212.48,4213.96,4207.8,4210.01
XAU/USD,2025-10-15 21:00:00,4210.01,4214.88,4208.68,4214.18
XAU/USD,2025-10-15 21:15:00,4214.18,4225.01,4213.86,4220.37
XAU/USD,2025-10-15 21:30:00,4220.38,4226.0,4220.0,4220.0
XAU/USD,2025-10-15 21:45:00,4220.0,4224.65,4220.0,4224.65
XAU/USD,2025-10-15 22:00:00,4224.65,4224.68,4221.2,4223.58
XAU/USD,2025-10-15 22:15:00,4223.59,4225.1,4222.29,4223.21
XAU/USD,2025-10-15 22:30:00,4223.21,4227.14,4220.0,4226.0
XAU/USD,2025-10-15 22:45:00,4226.0,4226.01,4220.0,4223.0
XAU/USD,2025-10-15 23:00:00,4223.0,4228.88,4221.38,4221.38
XAU/USD,2025-10-15 23:15:00,4221.34,4222.55,4209.01,4209.02
XAU/USD,2025-10-15 23:30:00,4209.02,4215.07,4205.61,4208.12
XAU/USD,2025-10-15 23:45:00,4208.11,4211.76,4200.76,4210.35
XAU/USD,2025-10-16 00:00:00,4210.35,4215.15,4205.09,4212.46
XAU/USD,2025-10-16 00:15:00,4212.46,4214.91,4207.05,4210.64
XAU/USD,2025-10-16 00:30:00,4210.63,4215.42,4202.16,4211.67
XAU/USD,2025-10-16 00:45:00,4211.58,4214.47,4205.78,4211.13
XAU/USD,2025-10-16 01:00:00,4211.12,4229.89,4210.56,4228.06
XAU/USD,2025-10-16 01:15:00,4228.06,4229.98,4223.41,4226.46
XAU/USD,2025-10-16 01:30:00,4226.45,4226.78,4214.81,4218.79
XAU/USD,2025-10-16 01:45:00,4218.8,4223.0,4212.69,4219.47
XAU/USD,2025-10-16 02:00:00,4219.47,4220.85,4214.39,4219.04
XAU/USD,2025-10-16 02:15:00,4219.03,4222.0,4217.6,4220.33
XAU/USD,2025-10-16 02:30:00,4220.33,4220.6,4205.53,4216.52
XAU/USD,2025-10-16 02:45:00,4216.53,4221.08,4203.51,4211.71
XAU/USD,2025-10-16 03:00:00,4211.71,4214.6,4206.16,4210.34
XAU/USD,2025-10-16 03:15:00,4210.34,4217.16,4210.34,4214.62
XAU/USD,2025-10-16 03:30:00,4214.24,4216.1,4207.53,4212.41
XAU/USD,2025-10-16 03:45:00,4212.4,4215.76,4209.85,4215.49
XAU/USD,2025-10-16 04:00:00,4215.49,4215.97,4205.13,4208.02
XAU/USD,2025-10-16 04:15:00,4206.94,4218.0,4205.06,4208.91
XAU/USD,2025-10-16 04:30:00,4208.91,4213.27,4207.15,4213.26
XAU/USD,2025-10-16 04:45:00,4213.26,4218.6,4213.26,4218.6
XAU/USD,2025-10-16 05:00:00,4218.6,4224.33,4217.67,4221.03
XAU/USD,2025-10-16 05:15:00,4221.04,4227.93,4209.47,4216.99
XAU/USD,2025-10-16 05:30:00,4216.98,4219.31,4216.38,4218.48
XAU/USD,2025-10-16 05:45:00,4218.47,4220.89,4215.49,4220.0
XAU/USD,2025-10-16 06:00:00,4220.01,4225.05,4219.09,4225.05
XAU/USD,2025-10-16 06:15:00,4225.04,4230.8,4225.04,4229.99
XAU/USD,2025-10-16 06:30:00,4229.98,4230.0,4224.94,4226.66
XAU/USD,2025-10-16 06:45:00,4226.66,4231.81,4226.66,4230.95
XAU/USD,2025-10-16 07:00:00,4230.95,4235.47,4229.55,4232.19
XAU/USD,2025-10-16 07:15:00,4232.19,4233.58,4230.2,4231.48
XAU/USD,2025-10-16 07:30:00,4231.0,4235.86,4230.25,4235.33
XAU/USD,2025-10-16 07:45:00,4235.34,4235.5,4231.48,4232.04
XAU/USD,2025-10-16 08:00:00,4232.04,4235.67,4231.01,4231.02
XAU/USD,2025-10-16 08:15:00,4231.01,4237.27,4230.86,4237.26
XAU/USD,2025-10-16 08:30:00,4237.27,4238.62,4231.11,4231.24
XAU/USD,2025-10-16 08:45:00,4231.24,4236.64,4231.0,4235.98
XAU/USD,2025-10-16 09:00:00,4235.62,4239.04,4232.81,4234.25
XAU/USD,2025-10-16 09:15:00,4234.01,4238.61,4219.82,4237.0
XAU/USD,2025-10-16 09:30:00,4237.14,4242.49,4235.31,4242.49
XAU/USD,2025-10-16 09:45:00,4242.49,4247.41,4238.82,4242.18
XAU/USD,2025-10-16 10:00:00,4243.04,4244.11,4236.94,4238.55
XAU/USD,2025-10-16 10:15:00,4239.48,4243.31,4239.48,4243.31
XAU/USD,2025-10-16 10:30:00,4243.31,4245.18,4239.36,4242.27
XAU/USD,2025-10-16 10:45:00,4242.28,4243.53,4236.36,4238.42
XAU/USD,2025-10-16 11:00:00,4238.42,4242.51,4235.66,4242.33
XAU/USD,2025-10-16 11:15:00,4242.33,4260.28,4242.33,4260.28
XAU/USD,2025-10-16 11:30:00,4260.28,4266.31,4259.66,4262.32
XAU/USD,2025-10-16 11:45:00,4262.32,4274.0,4250.65,4250.65
XAU/USD,2025-10-16 12:00:00,4250.65,4262.82,4248.3,4260.02
XAU/USD,2025-10-16 12:15:00,4260.01,4266.04,4258.13,4264.21
XAU/USD,2025-10-16 12:30:00,4264.2,4267.35,4261.33,4266.61
XAU/USD,2025-10-16 12:45:00,4266.61,4266.61,4257.93,4258.94
XAU/USD,2025-10-16 13:00:00,4258.94,4260.4,4253.12,4256.5
XAU/USD,2025-10-16 13:15:00,4256.5,4263.61,4255.32,4257.62
XAU/USD,2025-10-16 13:30:00,4257.62,4260.09,4252.94,4259.2
XAU/USD,2025-10-16 13:45:00,4259.2,4264.32,4256.89,4262.3
XAU/USD,2025-10-16 14:00:00,4262.29,4265.41,4260.52,4262.01
XAU/USD,2025-10-16 14:15:00,4262.0,4264.2,4256.69,4258.9
XAU/USD,2025-10-16 14:30:00,4258.04,4258.36,4253.0,4255.43
XAU/USD,2025-10-16 14:45:00,4255.43,4264.14,4254.34,4261.56
XAU/USD,2025-10-16 15:00:00,4261.65,4261.65,4256.69,4258.89
XAU/USD,2025-10-16 15:15:00,4258.88,4262.4,4258.01,4260.28
XAU/USD,2025-10-16 15:30:00,4260.28,4261.54,4252.99,4253.78
XAU/USD,2025-10-16 15:45:00,4253.79,4256.17,4250.12,4253.98
XAU/USD,2025-10-16 16:00:00,4253.99,4255.25,4248.1,4248.68
XAU/USD,2025-10-16 16:15:00,4248.7,4251.95,4244.01,4245.16
XAU/USD,2025-10-16 16:30:00,4245.15,4245.15,4228.2,4234.09
XAU/USD,2025-10-16 16:45:00,4235.31,4235.31,4225.28,4226.56
XAU/USD,2025-10-16 17:00:00,4226.57,4243.32,4226.56,4240.6
XAU/USD,2025-10-16 17:15:00,4240.6,4245.9,4238.9,4240.05
XAU/USD,2025-10-16 17:30:00,4240.05,4242.5,4231.98,4233.34
XAU/USD,2025-10-16 17:45:00,4233.34,4237.93,4230.0,4237.92
XAU/USD,2025-10-16 18:00:00,4237.93,4248.5,4237.92,4247.3
XAU/USD,2025-10-16 18:15:00,4247.31,4250.55,4244.0,4250.48
XAU/USD,2025-10-16 18:30:00,4250.47,4250.47,4245.0,4248.07
XAU/USD,2025-10-16 18:45:00,4248.07,4250.11,4237.72,4246.92
XAU/USD,2025-10-16 19:00:00,4246.91,4256.15,4246.87,4250.65
XAU/USD,2025-10-16 19:15:00,4250.64,4254.26,4250.64,4250.84
XAU/USD,2025-10-16 19:30:00,4250.84,4251.72,4248.0,4249.68
XAU/USD,2025-10-16 19:45:00,4249.67,4252.02,4246.8,4248.41
XAU/USD,2025-10-16 20:00:00,4248.41,4250.7,4245.46,4246.35
XAU/USD,2025-10-16 20:15:00,4246.34,4246.53,4236.6,4237.41
XAU/USD,2025-10-16 20:30:00,4237.41,4243.54,4236.2,4242.81
XAU/USD,2025-10-16 20:45:00,4242.81,4256.65,4241.77,4254.0
XAU/USD,2025-10-16 21:00:00,4254.26,4260.82,4251.66,4254.99
XAU/USD,2025-10-16 21:15:00,4255.0,4257.59,4251.0,4252.01
XAU/USD,2025-10-16 21:30:00,4252.0,4254.77,4249.9,4254.77
XAU/USD,2025-10-16 21:45:00,4254.77,4259.97,4253.79,4259.65
XAU/USD,2025-10-16 22:00:00,4259.64,4260.33,4256.0,4258.23
XAU/USD,2025-10-16 22:15:00,4258.22,4263.29,4258.22,4261.42
XAU/USD,2025-10-16 22:30:00,4261.41,4266.13,4259.37,4264.26
XAU/USD,2025-10-16 22:45:00,4264.27,4265.01,4258.47,4258.48
XAU/USD,2025-10-16 23:00:00,4258.47,4261.79,4255.3,4260.71
XAU/USD,2025-10-16 23:15:00,4260.71,4261.43,4253.11,4254.93
XAU/USD,2025-10-16 23:30:00,4254.93,4265.92,4246.18,4253.16
XAU/USD,2025-10-16 23:45:00,4253.0,4255.51,4248.01,4250.27
XAU/USD,2025-10-17 00:00:00,4250.14,4259.81,4249.95,4257.29
XAU/USD,2025-10-17 00:15:00,4257.29,4268.86,4257.29,4265.94
XAU/USD,2025-10-17 00:30:00,4265.94,4272.42,4260.52,4270.76
XAU/USD,2025-10-17 00:45:00,4271.12,4273.67,4265.01,4267.11
XAU/USD,2025-10-17 01:00:00,4267.1,4280.0,4265.93,4279.32
XAU/USD,2025-10-17 01:15:00,4279.31,4280.64,4275.79,4278.91
XAU/USD,2025-10-17 01:30:00,4278.9,4284.55,4276.07,4278.0
XAU/USD,2025-10-17 01:45:00,4277.61,4285.14,4275.0,4281.35
XAU/USD,2025-10-17 02:00:00,4281.36,4290.01,4281.0,4288.18
XAU/USD,2025-10-17 02:15:00,4288.18,4297.89,4288.0,4291.35
XAU/USD,2025-10-17 02:30:00,4291.35,4292.09,4286.13,4288.38
XAU/USD,2025-10-17 02:45:00,4288.38,4297.78,4286.56,4292.64
XAU/USD,2025-10-17 03:00:00,4292.65,4298.46,4288.68,4296.82
XAU/USD,2025-10-17 03:15:00,4300.07,4307.0,4300.05,4303.18
XAU/USD,2025-10-17 03:30:00,4310.0,4313.17,4309.42,4310.04
XAU/USD,2025-10-17 03:45:00,4301.26,4308.63,4298.32,4306.26
XAU/USD,2025-10-17 04:00:00,4306.27,4313.84,4302.39,4313.84
XAU/USD,2025-10-17 04:15:00,4313.84,4318.0,4313.83,4317.06
XAU/USD,2025-10-17 04:30:00,4313.81,4315.89,4313.19,4314.91
XAU/USD,2025-10-17 04:45:00,4316.0,4322.89,4314.23,4318.66
XAU/USD,2025-10-17 05:00:00,4318.65,4319.23,4315.62,4317.95
XAU/USD,2025-10-17 05:15:00,4308.83,4315.53,4300.03,4315.52
XAU/USD,2025-10-17 05:30:00,4310.0,4315.51,4309.5,4313.58
XAU/USD,2025-10-17 05:45:00,4314.5,4315.46,4310.81,4312.38
XAU/USD,2025-10-17 06:00:00,4312.38,4319.29,4311.12,4317.07
XAU/USD,2025-10-17 06:15:00,4317.06,4321.86,4314.0,4320.33
XAU/USD,2025-10-17 06:30:00,4320.33,4328.0,4317.18,4323.98
XAU/USD,2025-10-17 06:45:00,4323.98,4336.65,4323.97,4333.33
XAU/USD,2025-10-17 07:00:00,4333.07,4350.05,4333.0,4344.78
XAU/USD,2025-10-17 07:15:00,4344.78,4347.24,4341.52,4345.11
XAU/USD,2025-10-17 07:30:00,4345.09,4351.33,4342.85,4351.33
XAU/USD,2025-10-17 07:45:00,4351.49,4364.33,4351.49,4362.29
XAU/USD,2025-10-17 08:00:00,4362.29,4370.98,4360.93,4370.11
XAU/USD,2025-10-17 08:15:00,4370.1,4379.0,4370.0,4372.72
XAU/USD,2025-10-17 08:30:00,4372.71,4378.13,4372.71,4375.98
XAU/USD,2025-10-17 08:45:00,4375.97,4378.59,4370.0,4373.66
XAU/USD,2025-10-17 09:00:00,4373.66,4790.0,4364.97,4410.69
XAU/USD,2025-10-17 09:15:00,4410.55,4440.0,4393.03,4425.05
XAU/USD,2025-10-17 09:30:00,4425.05,4425.05,4398.53,4418.05
XAU/USD,2025-10-17 09:45:00,4418.05,4427.27,4405.0,4406.76
XAU/USD,2025-10-17 10:00:00,4406.76,4431.48,4406.38,4422.1
XAU/USD,2025-10-17 10:15:00,4422.09,4530.0,4419.93,4465.7
XAU/USD,2025-10-17 10:30:00,4465.71,4465.71,4425.01,4442.95
XAU/USD,2025-10-17 10:45:00,4443.6,4459.71,4433.86,4436.75
XAU/USD,2025-10-17 11:00:00,4436.74,4436.75,4403.42,4410.0
XAU/USD,2025-10-17 11:15:00,4410.01,4415.0,4390.1,4395.83
XAU/USD,2025-10-17 11:30:00,4395.82,4403.18,4390.43,4400.61
XAU/USD,2025-10-17 11:45:00,4400.6,4414.61,4391.68,4394.16
XAU/USD,2025-10-17 12:00:00,4394.16,4394.91,4350.0,4380.2
XAU/USD,2025-10-17 12:15:00,4380.19,4381.02,4345.0,4364.16
XAU/USD,2025-10-17 12:30:00,4364.16,4369.0,4256.0,4322.91
XAU/USD,2025-10-17 12:45:00,4322.99,4343.15,4316.6,4343.14
XAU/USD,2025-10-17 13:00:00,4343.15,4365.5,4341.36,4357.08
XAU/USD,2025-10-17 13:15:00,4357.07,4366.69,4351.3,4361.47
XAU/USD,2025-10-17 13:30:00,4361.47,4371.36,4360.5,4369.91
XAU/USD,2025-10-17 13:45:00,4369.52,4382.8,4368.98,4378.03
XAU/USD,2025-10-17 14:00:00,4378.03,4393.63,4375.28,4393.07
XAU/USD,2025-10-17 14:15:00,4393.08,4395.88,4389.08,4389.45
XAU/USD,2025-10-17 14:30:00,4389.45,4394.54,4389.0,4390.62
XAU/USD,2025-10-17 14:45:00,4390.62,4401.48,4390.21,4401.2
XAU/USD,2025-10-17 15:00:00,4401.27,4432.13,4401.26,4418.05
XAU/USD,2025-10-17 15:15:00,4418.05,4418.96,4405.76,4411.49
XAU/USD,2025-10-17 15:30:00,4411.48,4424.65,4409.83,4413.3
XAU/USD,2025-10-17 15:45:00,4413.3,4427.87,4409.6,4425.69
XAU/USD,2025-10-17 16:00:00,4425.68,4429.39,4416.76,4418.12
XAU/USD,2025-10-17 16:15:00,4418.12,4418.13,4400.67,4406.93
XAU/USD,2025-10-17 16:30:00,4407.26,4409.7,4407.26,4409.69
XAU/USD,2025-10-17 16:45:00,4412.66,4426.31,4411.89,4423.08
XAU/USD,2025-10-17 17:00:00,4423.07,4424.88,4389.0,4411.22
XAU/USD,2025-10-17 17:15:00,4411.21,4421.18,4406.58,4415.23
XAU/USD,2025-10-17 17:30:00,4415.23,4416.54,4398.38,4413.55
XAU/USD,2025-10-17 17:45:00,4413.54,4414.32,4400.73,4407.99
XAU/USD,2025-10-17 18:00:00,4407.99,4419.35,4404.0,4410.37
XAU/USD,2025-10-17 18:15:00,4410.92,4413.82,4385.0,4393.11
XAU/USD,2025-10-17 18:30:00,4393.09,4401.44,4381.17,4382.47
XAU/USD,2025-10-17 18:45:00,4382.47,4393.41,4351.0,4382.34
XAU/USD,2025-10-17 19:00:00,4382.35,4391.99,4368.16,4380.05
XAU/USD,2025-10-17 19:15:00,4380.04,4399.23,4379.56,4388.6
XAU/USD,2025-10-17 19:30:00,4388.6,4389.64,4379.05,4385.93
XAU/USD,2025-10-17 23:15:00,4346.49,4346.5,4318.0,4322.92
XAU/USD,2025-10-17 23:30:00,4322.91,4339.88,4320.68,4339.85
XAU/USD,2025-10-17 23:45:00,4339.84,4347.67,4338.96,4344.35
XAU/USD,2025-10-18 00:00:00,4344.35,4344.35,4327.19,4340.67
XAU/USD,2025-10-18 00:15:00,4340.67,4343.16,4334.35,4343.09
XAU/USD,2025-10-18 00:30:00,4343.09,4344.36,4287.26,4309.1
XAU/USD,2025-10-18 00:45:00,4309.02,4310.0,4262.81,4294.03
XAU/USD,2025-10-18 01:00:00,4294.03,4294.03,4230.0,4235.03
XAU/USD,2025-10-18 01:15:00,4235.03,4253.54,4225.0,4252.3
XAU/USD,2025-10-18 01:30:00,4252.27,4274.12,4241.33,4268.17
XAU/USD,2025-10-18 01:45:00,4267.91,4273.86,4255.69,4261.6
XAU/USD,2025-10-18 02:00:00,4261.59,4273.1,4252.55,4254.7
XAU/USD,2025-10-18 02:15:00,4254.71,4260.49,4244.55,4260.49
XAU/USD,2025-10-18 02:30:00,4260.1,4279.94,4258.43,4269.5
XAU/USD,2025-10-18 02:45:00,4269.5,4279.33,4252.57,4253.1
XAU/USD,2025-10-18 03:00:00,4253.11,4260.63,4241.9,4247.21
XAU/USD,2025-10-18 03:15:00,4247.22,4255.0,4231.91,4233.9
XAU/USD,2025-10-18 03:30:00,4232.53,4235.88,4214.48,4217.61
XAU/USD,2025-10-18 03:45:00,4217.62,4230.0,4208.0,4210.6
XAU/USD,2025-10-18 04:00:00,4210.6,4215.49,4192.55,4212.21
XAU/USD,2025-10-18 04:15:00,4212.29,4220.97,4205.04,4207.5
XAU/USD,2025-10-18 04:30:00,4207.5,4243.18,4203.0,4227.56
XAU/USD,2025-10-18 04:45:00,4227.56,4231.44,4222.56,4226.5
XAU/USD,2025-10-18 05:00:00,4226.5,4249.0,4225.18,4240.47
XAU/USD,2025-10-18 05:15:00,4240.8,4256.99,4235.89,4256.07
XAU/USD,2025-10-18 05:30:00,4256.06,4257.36,4247.64,4251.01
XAU/USD,2025-10-18 05:45:00,4251.0,4257.28,4246.64,4251.02
XAU/USD,2025-10-18 06:00:00,4251.02,4252.3,4238.0,4238.01
XAU/USD,2025-10-18 06:15:00,4238.0,4238.99,4225.64,4230.47
XAU/USD,2025-10-18 06:30:00,4230.46,4242.24,4229.01,4234.91
XAU/USD,2025-10-18 06:45:00,4234.9,4240.63,4230.49,4236.8
XAU/USD,2025-10-18 07:00:00,4236.81,4244.28,4231.4,4242.89
XAU/USD,2025-10-18 07:15:00,4242.88,4254.96,4241.29,4254.96
XAU/USD,2025-10-18 07:30:00,4254.96,4259.58,4251.61,4256.16
XAU/USD,2025-10-18 07:45:00,4256.16,4262.7,4255.0,4262.51
XAU/USD,2025-10-18 08:00:00,4262.51,4272.15,4262.39,4270.85
XAU/USD,2025-10-18 08:15:00,4270.85,4271.76,4254.52,4257.51
XAU/USD,2025-10-18 08:30:00,4257.51,4267.04,4255.0,4260.96
XAU/USD,2025-10-18 08:45:00,4260.96,4271.59,4260.73,4265.22
XAU/USD,2025-10-18 09:00:00,4265.22,4269.0,4261.92,4263.36
XAU/USD,2025-10-18 09:15:00,4263.12,4267.2,4260.01,4260.81
XAU/USD,2025-10-18 09:30:00,4260.82,4268.16,4254.87,4266.99
XAU/USD,2025-10-18 09:45:00,4266.84,4272.6,4262.56,4265.02
XAU/USD,2025-10-18 10:00:00,4265.03,4272.31,4260.13,4272.31
XAU/USD,2025-10-18 10:15:00,4272.31,4273.28,4261.8,4261.99
XAU/USD,2025-10-18 10:30:00,4262.0,4263.2,4188.0,4240.0
XAU/USD,2025-10-18 10:45:00,4240.0,4244.97,4237.1,4238.93
XAU/USD,2025-10-18 11:00:00,4238.93,4259.28,4238.64,4249.45
XAU/USD,2025-10-18 11:15:00,4249.45,4254.1,4242.26,4245.42
XAU/USD,2025-10-18 11:30:00,4245.41,4247.34,4243.25,4244.44
XAU/USD,2025-10-18 11:45:00,4244.63,4245.6,4241.83,4242.7
XAU/USD,2025-10-18 12:00:00,4242.7,4245.7,4239.44,4241.72
XAU/USD,2025-10-18 12:15:00,4241.71,4242.63,4240.24,4241.83
XAU/USD,2025-10-18 12:30:00,4241.83,4246.76,4241.7,4244.73
XAU/USD,2025-10-18 12:45:00,4244.73,4245.12,4240.2,4240.5
XAU/USD,2025-10-18 13:00:00,4240.51,4243.58,4238.46,4240.97
XAU/USD,2025-10-18 13:15:00,4240.97,4249.88,4240.96,4249.88
XAU/USD,2025-10-18 13:30:00,4249.87,4253.65,4241.09,4243.28
XAU/USD,2025-10-18 13:45:00,4243.27,4249.96,4243.27,4248.3
XAU/USD,2025-10-18 14:00:00,4248.3,4251.23,4245.37,4245.37
XAU/USD,2025-10-18 14:15:00,4245.37,4245.57,4241.84,4243.86
XAU/USD,2025-10-18 14:30:00,4243.7,4243.7,4239.0,4240.83
XAU/USD,2025-10-18 14:45:00,4240.83,4247.27,4240.83,4246.44
XAU/USD,2025-10-18 15:00:00,4246.44,4246.44,4240.1,4241.64
XAU/USD,2025-10-18 15:15:00,4241.64,4247.03,4241.63,4247.03
XAU/USD,2025-10-18 15:30:00,4247.03,4250.75,4247.02,4250.04
XAU/USD,2025-10-18 15:45:00,4250.03,4252.53,4246.86,4246.87
XAU/USD,2025-10-18 16:00:00,4246.87,4250.11,4240.68,4242.96
XAU/USD,2025-10-18 16:15:00,4242.96,4248.05,4242.88,4248.05
XAU/USD,2025-10-18 16:30:00,4248.05,4248.05,4238.65,4243.36
XAU/USD,2025-10-18 16:45:00,4243.35,4244.43,4237.61,4242.3
XAU/USD,2025-10-18 17:00:00,4241.39,4243.16,4239.17,4240.4
XAU/USD,2025-10-18 17:15:00,4240.4,4241.0,4239.1,4240.0
XAU/USD,2025-10-18 17:30:00,4240.01,4241.42,4237.29,4238.5
XAU/USD,2025-10-18 17:45:00,4238.5,4239.0,4234.8,4236.44
XAU/USD,2025-10-18 18:00:00,4236.44,4236.59,4226.0,4229.13
XAU/USD,2025-10-18 18:15:00,4229.13,4236.01,4229.13,4234.59
XAU/USD,2025-10-18 18:30:00,4234.59,4236.6,4231.51,4234.96
XAU/USD,2025-10-18 18:45:00,4234.96,4235.41,4231.7,4235.41
XAU/USD,2025-10-18 19:00:00,4235.41,4241.88,4235.4,4238.1
XAU/USD,2025-10-18 19:15:00,4237.88,4241.83,4237.87,4240.1
XAU/USD,2025-10-18 19:30:00,4240.1,4242.0,4240.0,4240.27
XAU/USD,2025-10-18 19:45:00,4240.26,4241.9,4237.96,4237.96
XAU/USD,2025-10-18 20:00:00,4237.97,4240.01,4236.03,4236.5
XAU/USD,2025-10-18 20:15:00,4236.5,4239.21,4236.0,4239.2
XAU/USD,2025-10-18 20:30:00,4239.2,4248.01,4239.19,4247.63
XAU/USD,2025-10-18 20:45:00,4247.64,4250.0,4242.91,4244.6
XAU/USD,2025-10-18 21:00:00,4244.6,4245.35,4240.03,4241.59
XAU/USD,2025-10-18 21:15:00,4241.58,4243.38,4241.01,4241.43
XAU/USD,2025-10-18 21:30:00,4241.42,4249.66,4241.42,4248.0
XAU/USD,2025-10-18 21:45:00,4248.01,4248.59,4240.14,4240.14
XAU/USD,2025-10-18 22:00:00,4240.15,4243.88,4240.11,4243.57
XAU/USD,2025-10-18 22:15:00,4243.57,4244.23,4240.9,4240.91
XAU/USD,2025-10-18 22:30:00,4240.91,4241.16,4239.01,4240.68
XAU/USD,2025-10-18 22:45:00,4240.68,4241.65,4237.47,4238.43
XAU/USD,2025-10-18 23:00:00,4238.43,4242.36,4234.78,4240.53
XAU/USD,2025-10-18 23:15:00,4239.0,4239.0,4237.68,4238.99
XAU/USD,2025-10-18 23:30:00,4239.0,4239.0,4234.84,4237.15
XAU/USD,2025-10-18 23:45:00,4237.14,4241.77,4237.14,4237.99
XAU/USD,2025-10-20 08:45:00,4231.0,4232.32,4231.0,4231.96
XAU/USD,2025-10-20 09:00:00,4231.95,4259.0,4231.95,4254.87
XAU/USD,2025-10-20 09:15:00,4254.87,4265.0,4254.12,4258.95
XAU/USD,2025-10-20 09:30:00,4258.95,4260.49,4245.78,4256.99
XAU/USD,2025-10-20 09:45:00,4256.99,4261.59,4254.63,4256.69
XAU/USD,2025-10-20 10:00:00,4256.8,4260.18,4245.88,4247.77
XAU/USD,2025-10-20 10:15:00,4247.77,4250.9,4242.51,4246.73
XAU/USD,2025-10-20 10:30:00,4246.74,4250.0,4245.43,4248.38
XAU/USD,2025-10-20 10:45:00,4248.38,4248.38,4238.47,4242.46
XAU/USD,2025-10-20 11:00:00,4242.34,4242.34,4221.0,4222.67
XAU/USD,2025-10-20 11:15:00,4222.67,4233.17,4214.16,4216.44
XAU/USD,2025-10-20 11:30:00,4218.81,4240.79,4218.81,4235.76
XAU/USD,2025-10-20 11:45:00,4235.69,4247.11,4235.55,4246.05
XAU/USD,2025-10-20 12:00:00,4246.04,4246.57,4218.75,4244.41
XAU/USD,2025-10-20 12:15:00,4244.41,4256.46,4241.56,4255.92
XAU/USD,2025-10-20 12:30:00,4255.92,4256.6,4246.25,4256.6
XAU/USD,2025-10-20 12:45:00,4256.63,4263.0,4256.26,4260.0
XAU/USD,2025-10-20 13:00:00,4259.99,4265.0,4256.41,4261.87
XAU/USD,2025-10-20 13:15:00,4261.86,4264.56,4258.31,4264.56
XAU/USD,2025-10-20 13:30:00,4264.66,4272.5,4261.73,4261.75
XAU/USD,2025-10-20 13:45:00,4261.76,4263.36,4255.0,4256.34
XAU/USD,2025-10-20 14:00:00,4256.4,4259.02,4252.84,4255.54
XAU/USD,2025-10-20 14:15:00,4255.54,4262.64,4252.43,4255.45
XAU/USD,2025-10-20 14:30:00,4255.45,4258.27,4250.6,4258.0
XAU/USD,2025-10-20 14:45:00,4258.0,4264.11,4257.18,4263.75
XAU/USD,2025-10-20 15:00:00,4260.77,4265.99,4250.53,4260.95
XAU/USD,2025-10-20 15:15:00,4260.95,4262.79,4258.79,4262.49
XAU/USD,2025-10-20 15:30:00,4262.49,4268.29,4261.48,4266.91
XAU/USD,2025-10-20 15:45:00,4266.91,4267.43,4264.62,4265.5
XAU/USD,2025-10-20 16:00:00,4265.5,4265.5,4258.23,4261.4
XAU/USD,2025-10-20 16:15:00,4261.5,4263.08,4246.29,4252.84
XAU/USD,2025-10-20 16:30:00,4252.85,4257.09,4248.48,4252.23
XAU/USD,2025-10-20 16:45:00,4252.4,4253.88,4237.29,4237.29
XAU/USD,2025-10-20 17:00:00,4237.29,4241.72,4228.81,4239.77
XAU/USD,2025-10-20 17:15:00,4239.78,4242.06,4223.08,4223.08
XAU/USD,2025-10-20 17:30:00,4223.01,4235.9,4220.16,4231.02
XAU/USD,2025-10-20 17:45:00,4230.92,4232.74,4226.3,4231.1
XAU/USD,2025-10-20 18:00:00,4230.88,4248.27,4229.01,4246.17
XAU/USD,2025-10-20 18:15:00,4246.16,4253.29,4246.16,4247.33
XAU/USD,2025-10-20 18:30:00,4247.33,4251.92,4240.65,4250.32
XAU/USD,2025-10-20 18:45:00,4250.32,4250.88,4245.0,4245.67
XAU/USD,2025-10-20 19:00:00,4245.66,4251.33,4244.16,4249.94
XAU/USD,2025-10-20 19:15:00,4249.93,4250.11,4241.69,4248.24
XAU/USD,2025-10-20 19:30:00,4247.4,4252.34,4243.42,4245.92
XAU/USD,2025-10-20 19:45:00,4245.91,4246.67,4237.31,4244.39
XAU/USD,2025-10-20 20:00:00,4244.39,4245.24,4238.47,4239.29
XAU/USD,2025-10-20 20:15:00,4239.29,4244.46,4238.76,4243.67
XAU/USD,2025-10-20 20:30:00,4243.67,4247.22,4240.23,4247.21
XAU/USD,2025-10-20 20:45:00,4247.21,4252.3,4247.21,4249.59
XAU/USD,2025-10-20 21:00:00,4249.6,4249.6,4237.29,4244.46
XAU/USD,2025-10-20 21:15:00,4244.3,4251.0,4244.3,4250.82
XAU/USD,2025-10-20 21:30:00,4250.82,4253.6,4248.49,4252.8
XAU/USD,2025-10-20 21:45:00,4252.8,4253.69,4250.45,4251.57
XAU/USD,2025-10-20 22:00:00,4251.56,4252.74,4246.64,4251.07
XAU/USD,2025-10-20 22:15:00,4251.07,4256.69,4250.38,4255.31
XAU/USD,2025-10-20 22:30:00,4255.32,4258.17,4253.5,4255.89
XAU/USD,2025-10-20 22:45:00,4255.88,4269.42,4254.4,4269.17
XAU/USD,2025-10-20 23:00:00,4269.18,4278.44,4265.84,4276.46
XAU/USD,2025-10-20 23:15:00,4276.46,4294.24,4273.21,4290.89
XAU/USD,2025-10-20 23:30:00,4290.9,4320.0,4289.39,4318.49
XAU/USD,2025-10-20 23:45:00,4318.48,4326.98,4309.59,4325.14
XAU/USD,2025-10-21 00:00:00,4325.14,4327.13,4315.42,4321.84
XAU/USD,2025-10-21 00:15:00,4321.83,4327.97,4318.18,4321.0
XAU/USD,2025-10-21 00:30:00,4321.01,4321.49,4298.12,4304.34
XAU/USD,2025-10-21 00:45:00,4304.34,4321.3,4294.0,4296.8
XAU/USD,2025-10-21 01:00:00,4296.91,4310.25,4281.5,4310.0
XAU/USD,2025-10-21 01:15:00,4310.0,4323.23,4309.95,4315.62
XAU/USD,2025-10-21 01:30:00,4315.66,4319.31,4308.57,4317.79
XAU/USD,2025-10-21 01:45:00,4317.78,4328.69,4316.35,4327.54
XAU/USD,2025-10-21 02:00:00,4327.74,4348.67,4327.74,4347.44
XAU/USD,2025-10-21 02:15:00,4347.44,4355.55,4341.68,4344.83
XAU/USD,2025-10-21 02:30:00,4344.84,4349.25,4341.64,4349.24
XAU/USD,2025-10-21 02:45:00,4349.24,4349.25,4345.64,4348.17
XAU/USD,2025-10-21 03:00:00,4348.16,4348.66,4339.59,4345.62
XAU/USD,2025-10-21 03:15:00,4345.62,4348.99,4343.27,4344.66
XAU/USD,2025-10-21 03:30:00,4344.36,4346.38,4340.44,4342.84
XAU/USD,2025-10-21 03:45:00,4342.84,4352.65,4342.12,4349.03
XAU/USD,2025-10-21 04:00:00,4349.02,4352.88,4347.01,4347.01
XAU/USD,2025-10-21 04:15:00,4347.0,4347.0,4335.46,4338.77
XAU/USD,2025-10-21 04:30:00,4338.76,4344.0,4333.51,4342.26
XAU/USD,2025-10-21 04:45:00,4342.25,4347.19,4342.05,4346.41
XAU/USD,2025-10-21 05:00:00,4346.4,4350.98,4344.4,4345.68
XAU/USD,2025-10-21 05:15:00,4345.67,4357.08,4344.63,4357.08
XAU/USD,2025-10-21 05:30:00,4357.08,4366.16,4355.42,4363.23
XAU/USD,2025-10-21 05:45:00,4363.22,4365.91,4362.19,4364.09
XAU/USD,2025-10-21 06:00:00,4364.09,4372.92,4364.09,4372.68
XAU/USD,2025-10-21 06:15:00,4372.67,4375.0,4370.12,4372.92
XAU/USD,2025-10-21 06:30:00,4372.93,4401.66,4372.2,4381.44
XAU/USD,2025-10-21 06:45:00,4381.43,4393.17,4381.43,4388.43
XAU/USD,2025-10-21 07:00:00,4388.43,4390.74,4365.75,4369.8
XAU/USD,2025-10-21 07:15:00,4369.8,4372.4,4355.9,4364.64
XAU/USD,2025-10-21 07:30:00,4364.65,4371.29,4358.84,4369.51
XAU/USD,2025-10-21 07:45:00,4369.47,4370.5,4365.19,4367.43
XAU/USD,2025-10-21 08:00:00,4367.47,4370.5,4358.71,4359.47
XAU/USD,2025-10-21 08:15:00,4359.47,4366.31,4355.9,4366.31
XAU/USD,2025-10-21 08:30:00,4366.31,4370.58,4364.53,4368.61
XAU/USD,2025-10-21 08:45:00,4368.61,4375.46,4368.61,4370.0
XAU/USD,2025-10-21 09:00:00,4369.69,4379.85,4363.29,4371.11
XAU/USD,2025-10-21 09:15:00,4371.12,4386.43,4371.12,4378.89
XAU/USD,2025-10-21 09:30:00,4378.89,4379.33,4365.0,4365.65
XAU/USD,2025-10-21 09:45:00,4365.65,4376.69,4365.38,4372.84
XAU/USD,2025-10-21 10:00:00,4372.83,4379.04,4371.19,4373.92
XAU/USD,2025-10-21 10:15:00,4373.9,4373.9,4366.4,4367.13
XAU/USD,2025-10-21 10:30:00,4367.22,4368.28,4362.6,4364.45
XAU/USD,2025-10-21 10:45:00,4364.45,4366.05,4361.66,4364.09
XAU/USD,2025-10-21 11:00:00,4363.81,4368.58,4362.0,4363.79
XAU/USD,2025-10-21 11:15:00,4363.78,4373.8,4361.34,4372.36
XAU/USD,2025-10-21 11:30:00,4372.32,4374.83,4371.06,4374.2
XAU/USD,2025-10-21 11:45:00,4374.2,4374.59,4364.01,4371.82
XAU/USD,2025-10-21 12:00:00,4371.81,4375.49,4360.24,4361.71
XAU/USD,2025-10-21 12:15:00,4361.72,4375.0,4358.0,4362.0
XAU/USD,2025-10-21 12:30:00,4362.0,4362.01,4341.35,4353.2
XAU/USD,2025-10-21 12:45:00,4353.19,4357.77,4344.73,4356.34
XAU/USD,2025-10-21 13:00:00,4356.38,4356.39,4347.63,4351.42
XAU/USD,2025-10-21 13:15:00,4351.59,4362.42,4350.6,4356.57
XAU/USD,2025-10-21 13:30:00,4356.57,4357.09,4344.9,4347.07
XAU/USD,2025-10-21 13:45:00,4346.85,4351.8,4344.01,4347.9
XAU/USD,2025-10-21 14:00:00,4347.91,4359.49,4347.91,4351.43
XAU/USD,2025-10-21 14:15:00,4351.44,4358.63,4350.61,4358.18
XAU/USD,2025-10-21 14:30:00,4358.18,4362.94,4356.24,4358.74
XAU/USD,2025-10-21 14:45:00,4358.74,4360.38,4355.25,4357.86
XAU/USD,2025-10-21 15:00:00,4357.86,4357.87,4354.1,4354.96
XAU/USD,2025-10-21 15:15:00,4354.95,4354.97,4350.99,4351.88
XAU/USD,2025-10-21 15:30:00,4352.0,4352.0,4340.52,4342.29
XAU/USD,2025-10-21 15:45:00,4342.28,4349.12,4340.29,4346.95
XAU/USD,2025-10-21 16:00:00,4346.7,4350.6,4335.71,4336.56
XAU/USD,2025-10-21 16:15:00,4336.75,4337.39,4330.72,4335.81
XAU/USD,2025-10-21 16:30:00,4335.82,4335.82,4320.76,4323.84
XAU/USD,2025-10-21 16:45:00,4323.83,4332.01,4323.83,4326.34
XAU/USD,2025-10-21 17:00:00,4326.15,4334.09,4320.76,4333.96
XAU/USD,2025-10-21 17:15:00,4333.95,4333.95,4327.21,4328.56
XAU/USD,2025-10-21 17:30:00,4328.57,4341.35,4326.86,4340.88
XAU/USD,2025-10-21 17:45:00,4340.88,4349.17,4339.63,4347.2
XAU/USD,2025-10-21 18:00:00,4347.2,4348.06,4335.5,4336.54
XAU/USD,2025-10-21 18:15:00,4336.55,4337.96,4328.52,4331.14
XAU/USD,2025-10-21 18:30:00,4331.14,4331.14,4310.9,4311.81
XAU/USD,2025-10-21 18:45:00,4302.6,4309.76,4299.1,4299.65
XAU/USD,2025-10-21 19:00:00,4299.66,4301.83,4252.77,4253.77
XAU/USD,2025-10-21 19:15:00,4254.64,4275.0,4252.81,4266.86
XAU/USD,2025-10-21 19:30:00,4266.44,4276.56,4263.44,4274.03
XAU/USD,2025-10-21 19:45:00,4274.02,4276.57,4262.4,4274.73
XAU/USD,2025-10-21 20:00:00,4274.24,4278.29,4254.6,4258.03
XAU/USD,2025-10-21 20:15:00,4257.73,4271.25,4257.51,4270.15
XAU/USD,2025-10-21 20:30:00,4270.15,4275.81,4265.99,4269.16
XAU/USD,2025-10-21 20:45:00,4269.16,4272.24,4264.42,4265.59
XAU/USD,2025-10-21 21:00:00,4265.6,4266.72,4256.52,4259.47
XAU/USD,2025-10-21 21:15:00,4259.47,4268.11,4250.37,4266.04
XAU/USD,2025-10-21 21:30:00,4266.04,4266.56,4257.15,4262.0
XAU/USD,2025-10-21 21:45:00,4261.99,4262.3,4255.81,4256.49
XAU/USD,2025-10-21 22:00:00,4256.66,4271.77,4255.61,4270.35
XAU/USD,2025-10-21 22:15:00,4270.35,4274.27,4261.31,4271.71
XAU/USD,2025-10-21 22:30:00,4271.72,4271.74,4259.83,4259.83
XAU/USD,2025-10-21 22:45:00,4259.84,4265.89,4251.51,4257.24
XAU/USD,2025-10-21 23:00:00,4257.8,4261.99,4226.55,4231.49
XAU/USD,2025-10-21 23:15:00,4231.69,4240.56,4220.0,4235.39
XAU/USD,2025-10-21 23:30:00,4235.38,4236.0,4222.84,4225.25
XAU/USD,2025-10-21 23:45:00,4225.25,4228.39,4210.18,4216.39
XAU/USD,2025-10-22 00:00:00,4215.86,4215.86,4190.0,4203.95
XAU/USD,2025-10-22 00:15:00,4203.96,4216.53,4200.97,4205.58
XAU/USD,2025-10-22 00:30:00,4205.58,4230.77,4198.27,4209.67
XAU/USD,2025-10-22 00:45:00,4209.39,4212.82,4173.47,4179.79
XAU/USD,2025-10-22 01:00:00,4179.78,4192.43,4165.56982,4186.95
XAU/USD,2025-10-22 01:15:00,4187.0,4187.42,4128.95,4141.21
XAU/USD,2025-10-22 01:30:00,4141.45,4145.61,4109.67,4114.93
XAU/USD,2025-10-22 01:45:00,4114.92,4148.07,4101.0,4146.69
XAU/USD,2025-10-22 02:00:00,4146.24,4158.03,4133.56,4149.02
XAU/USD,2025-10-22 02:15:00,4149.01,4150.83,4127.47,4128.96
XAU/USD,2025-10-22 02:30:00,4128.96,4147.38,4123.55,4147.16
XAU/USD,2025-10-22 02:45:00,4147.16,4150.22,4136.99,4139.2
XAU/USD,2025-10-22 03:00:00,4139.4,4145.93,4131.01,4137.61
XAU/USD,2025-10-22 03:15:00,4137.61,4137.61,4094.72,4120.36
XAU/USD,2025-10-22 03:30:00,4120.35,4121.99,4105.15,4113.21
XAU/USD,2025-10-22 03:45:00,4113.21,4125.47,4109.52,4112.42
XAU/USD,2025-10-22 04:00:00,4112.42,4118.0,4106.06,4117.66
XAU/USD,2025-10-22 04:15:00,4117.66,4122.77,4097.78,4099.27
XAU/USD,2025-10-22 04:30:00,4099.01,4122.22,4098.21,4120.08
XAU/USD,2025-10-22 04:45:00,4119.92,4122.14,4112.68,4113.05
XAU/USD,2025-10-22 05:00:00,4113.04,4127.08,4112.63,4119.9
XAU/USD,2025-10-22 05:15:00,4119.9,4121.9,4115.02,4119.74
XAU/USD,2025-10-22 05:30:00,4119.65,4131.51,4118.07,4118.07
XAU/USD,2025-10-22 05:45:00,4118.08,4120.13,4110.0,4119.5
XAU/USD,2025-10-22 06:00:00,4119.5,4128.42,4115.27,4117.48
XAU/USD,2025-10-22 06:15:00,4117.49,4117.49,4107.4,4110.93
XAU/USD,2025-10-22 06:30:00,4110.79,4118.88,4108.61,4117.84
XAU/USD,2025-10-22 06:45:00,4117.85,4118.58,4107.77,4114.57
XAU/USD,2025-10-22 07:00:00,4114.09,4125.78,4112.33,4124.98
XAU/USD,2025-10-22 07:15:00,4124.97,4130.0,4121.16,4127.23
XAU/USD,2025-10-22 07:30:00,4127.22,4137.1,4126.05,4135.29
XAU/USD,2025-10-22 07:45:00,4135.16,4136.58,4130.32,4130.33
XAU/USD,2025-10-22 08:00:00,4130.33,4135.68,4130.33,4132.17
XAU/USD,2025-10-22 08:15:00,4132.17,4137.25,4126.32,4135.28
XAU/USD,2025-10-22 08:30:00,4135.28,4138.42,4129.89,4130.44
XAU/USD,2025-10-22 08:45:00,4130.45,4138.42,4129.59,4138.42
XAU/USD,2025-10-22 09:00:00,4138.42,4141.09,4123.48,4126.75
XAU/USD,2025-10-22 09:15:00,4126.76,4134.99,4126.05,4134.1
XAU/USD,2025-10-22 09:30:00,4134.09,4134.09,4123.17,4125.91
XAU/USD,2025-10-22 09:45:00,4125.92,4133.47,4122.75,4125.0
XAU/USD,2025-10-22 10:00:00,4125.0,4133.0,4123.36,4123.36
XAU/USD,2025-10-22 10:15:00,4123.36,4132.39,4120.77,4129.64
XAU/USD,2025-10-22 10:30:00,4129.67,4132.37,4127.44,4127.63
XAU/USD,2025-10-22 10:45:00,4127.62,4127.62,4095.34,4098.31
XAU/USD,2025-10-22 11:00:00,4098.82,4098.82,4020.0,4047.34
XAU/USD,2025-10-22 11:15:00,4047.35,4066.12,4039.96,4059.44
XAU/USD,2025-10-22 17:30:00,4145.75,4165.0,4142.0,4164.28
XAU/USD,2025-10-22 17:45:00,4164.29,4167.79,4158.84,4164.15
XAU/USD,2025-10-22 18:00:00,4164.15,4164.15,4140.11,4144.95
XAU/USD,2025-10-22 18:15:00,4145.25,4151.91,4145.25,4150.12
XAU/USD,2025-10-22 18:30:00,4150.05,4150.76,4145.01,4146.81
XAU/USD,2025-10-22 18:45:00,4146.67,4155.0,4138.01,4138.01
XAU/USD,2025-10-22 19:00:00,4138.02,4140.71,4092.22,4096.19
XAU/USD,2025-10-22 19:15:00,4095.67,4120.55,4064.79,4109.05
XAU/USD,2025-10-22 19:30:00,4109.52,4117.08,4092.45,4097.21
XAU/USD,2025-10-22 19:45:00,4097.2,4103.91,4078.5,4078.5
XAU/USD,2025-10-22 20:00:00,4078.51,4109.79,4078.51,4084.89
XAU/USD,2025-10-22 20:15:00,4084.52,4089.14,4073.88,4081.08
XAU/USD,2025-10-22 20:30:00,4081.08,4089.98,4069.59,4070.3
XAU/USD,2025-10-22 20:45:00,4070.07,4077.99,4068.78,4076.73
XAU/USD,2025-10-22 21:00:00,4076.72,4085.32,4067.26,4080.85
XAU/USD,2025-10-22 21:15:00,4080.86,4089.97,4069.06,4089.29
XAU/USD,2025-10-22 21:30:00,4089.38,4097.65,4052.39,4062.83
XAU/USD,2025-10-22 21:45:00,4062.84,4068.5,4038.0,4049.52
XAU/USD,2025-10-22 22:00:00,4049.91,4055.22,4026.49,4045.68
XAU/USD,2025-10-22 22:15:00,4045.67,4056.72,4031.79,4032.49
XAU/USD,2025-10-22 22:30:00,4032.5,4041.33,4025.0,4032.1
XAU/USD,2025-10-22 22:45:00,4032.21,4042.96,4023.0,4041.49
XAU/USD,2025-10-22 23:00:00,4041.5,4062.88,4040.16,4049.26
XAU/USD,2025-10-22 23:15:00,4049.26,4058.91,4042.55,4058.4
XAU/USD,2025-10-22 23:30:00,4058.6,4065.75,4056.79,4062.27
XAU/USD,2025-10-22 23:45:00,4062.26,4067.57,4041.73,4050.16
XAU/USD,2025-10-23 00:00:00,4050.01,4083.32,4050.01,4079.12
XAU/USD,2025-10-23 00:15:00,4079.12,4083.33,4066.49,4067.51
XAU/USD,2025-10-23 00:30:00,4067.63,4097.0,4062.8,4085.86
XAU/USD,2025-10-23 00:45:00,4085.86,4091.73,4077.56,4088.54
XAU/USD,2025-10-23 01:00:00,4088.8,4089.43,4066.87,4075.27
XAU/USD,2025-10-23 01:15:00,4075.04,4080.0,4057.65,4066.09
XAU/USD,2025-10-23 01:30:00,4065.96,4067.49,4036.0,4041.04
XAU/USD,2025-10-23 01:45:00,4041.04,4041.65,4025.7,4027.82
XAU/USD,2025-10-23 02:00:00,4028.33,4060.0,4028.32,4050.47
XAU/USD,2025-10-23 02:15:00,4050.79,4058.16,4039.24,4039.59
XAU/USD,2025-10-23 02:30:00,4039.95,4049.99,4034.7,4044.18
XAU/USD,2025-10-23 02:45:00,4044.19,4050.64,4041.57,4042.51
XAU/USD,2025-10-23 03:00:00,4042.5,4042.5,4030.38,4035.3
XAU/USD,2025-10-23 03:15:00,4035.3,4050.0,4034.97,4049.83
XAU/USD,2025-10-23 03:30:00,4049.82,4069.0,4042.01,4057.7
XAU/USD,2025-10-23 03:45:00,4057.57,4071.77,4051.89,4066.3
XAU/USD,2025-10-23 04:00:00,4066.29,4068.66,4050.61,4065.37
XAU/USD,2025-10-23 04:15:00,4065.36,4067.26,4052.57,4055.76
XAU/USD,2025-10-23 04:30:00,4055.77,4064.69,4052.46,4059.26
XAU/USD,2025-10-23 04:45:00,4059.26,4074.74,4059.26,4074.44
XAU/USD,2025-10-23 05:00:00,4074.44,4079.74,4072.0,4079.58
XAU/USD,2025-10-23 05:15:00,4079.58,4082.53,4073.87,4077.26
XAU/USD,2025-10-23 05:30:00,4077.27,4083.31,4077.27,4080.02
XAU/USD,2025-10-23 05:45:00,4080.02,4082.31,4078.55,4080.4
XAU/USD,2025-10-23 06:00:00,4080.39,4097.77,4080.21,4097.69
XAU/USD,2025-10-23 06:15:00,4097.67,4105.6,4092.71,4104.8
XAU/USD,2025-10-23 06:30:00,4104.8,4114.14,4096.13,4102.46
XAU/USD,2025-10-23 06:45:00,4102.45,4106.95,4097.53,4101.48
XAU/USD,2025-10-23 07:00:00,4101.33,4105.36,4097.96,4103.55
XAU/USD,2025-10-23 07:15:00,4103.55,4106.18,4089.3,4091.75
XAU/USD,2025-10-23 07:30:00,4092.03,4104.21,4092.03,4103.21
XAU/USD,2025-10-23 07:45:00,4103.2,4104.1,4098.76,4101.14
XAU/USD,2025-10-23 08:00:00,4101.26,4107.17,4094.18,4101.13
XAU/USD,2025-10-23 08:15:00,4101.13,4109.17,4099.21,4107.31
XAU/USD,2025-10-23 08:30:00,4107.32,4111.26,4099.26,4099.27
XAU/USD,2025-10-23 08:45:00,4099.26,4103.86,4099.26,4099.89
XAU/USD,2025-10-23 09:00:00,4099.89,4113.95,4098.01,4100.64
XAU/USD,2025-10-23 09:15:00,4101.21,4112.44,4101.21,4107.79
XAU/USD,2025-10-23 09:30:00,4108.99,4108.99,4099.15,4106.12
XAU/USD,2025-10-23 09:45:00,4106.12,4109.04,4102.73,4107.05
XAU/USD,2025-10-23 10:00:00,4107.05,4110.49,4093.25,4099.21
XAU/USD,2025-10-23 10:15:00,4099.01,4099.01,4087.13,4090.03
XAU/USD,2025-10-23 10:30:00,4090.7,4098.78,4085.08,4094.21
XAU/USD,2025-10-23 10:45:00,4094.07,4097.33,4088.77,4091.78
XAU/USD,2025-10-23 11:00:00,4092.05,4101.56,4087.1,4091.74
XAU/USD,2025-10-23 11:15:00,4091.74,4092.9,4070.0,4081.49
XAU/USD,2025-10-23 11:30:00,4081.49,4087.99,4076.3,4084.2
XAU/USD,2025-10-23 11:45:00,4084.21,4087.47,4081.91,4084.6
XAU/USD,2025-10-23 12:00:00,4084.6,4088.32,4068.9,4082.58
XAU/USD,2025-10-23 12:15:00,4082.22,4097.24,4080.9,4093.65
XAU/USD,2025-10-23 12:30:00,4093.65,4095.99,4087.81,4087.81
XAU/USD,2025-10-23 12:45:00,4088.01,4092.03,4082.23,4082.23
XAU/USD,2025-10-23 13:00:00,4082.12,4087.27,4081.92,4083.77
XAU/USD,2025-10-23 13:15:00,4083.78,4092.92,4081.92,4090.93
XAU/USD,2025-10-23 13:30:00,4090.92,4092.82,4085.0,4087.1
XAU/USD,2025-10-23 13:45:00,4087.1,4092.07,4086.6,4090.83
XAU/USD,2025-10-23 14:00:00,4091.01,4095.68,4086.27,4095.68
XAU/USD,2025-10-23 14:15:00,4095.8,4109.14,4095.8,4104.11
XAU/USD,2025-10-23 14:30:00,4104.11,4104.11,4098.17,4100.0
XAU/USD,2025-10-23 14:45:00,4093.3501,4101.46,4090.6499,4098.09
XAU/USD,2025-10-23 15:00:00,4098.09,4098.09,4092.14,4096.35
XAU/USD,2025-10-23 15:15:00,4096.35,4096.92,4085.35,4089.56
XAU/USD,2025-10-23 15:30:00,4089.56,4095.51,4088.0,4093.14
XAU/USD,2025-10-23 15:45:00,4093.13,4099.67,4093.11,4096.85
XAU/USD,2025-10-23 16:00:00,4096.86,4098.31,4091.08,4093.55
XAU/USD,2025-10-23 16:15:00,4093.54,4093.79,4088.2,4093.54
XAU/USD,2025-10-23 16:30:00,4093.72,4101.15,4093.16,4100.53
XAU/USD,2025-10-23 16:45:00,4100.53,4112.6,4100.53,4112.53
XAU/USD,2025-10-23 17:00:00,4112.12,4134.91,4111.98,4129.01
XAU/USD,2025-10-23 17:15:00,4129.0,4131.6,4124.59,4124.59
XAU/USD,2025-10-23 17:30:00,4123.3,4125.81,4110.14,4119.9
XAU/USD,2025-10-23 17:45:00,4119.9,4122.15,4107.94,4109.94
XAU/USD,2025-10-23 18:00:00,4109.95,4124.77,4109.37,4114.46
XAU/USD,2025-10-23 18:15:00,4114.46,4119.97,4114.23,4116.8
XAU/USD,2025-10-23 18:30:00,4116.38,4116.38,4058.2,4079.3
XAU/USD,2025-10-23 18:45:00,4079.3,4099.54,4057.14,4089.63
XAU/USD,2025-10-23 19:00:00,4089.64,4111.99,4089.64,4108.7
XAU/USD,2025-10-23 19:15:00,4108.71,4116.25,4108.71,4113.99
XAU/USD,2025-10-23 19:30:00,4113.99,4115.04,4108.06,4110.24
XAU/USD,2025-10-23 19:45:00,4110.24,4118.16,4108.62,4118.15
XAU/USD,2025-10-23 20:00:00,4118.15,4120.77,4112.56,4118.37
XAU/USD,2025-10-23 20:15:00,4118.38,4123.99,4118.38,4123.79
XAU/USD,2025-10-23 20:30:00,4123.78,4126.75,4113.64,4115.8
XAU/USD,2025-10-23 20:45:00,4115.8,4126.89,4113.42,4126.47
XAU/USD,2025-10-23 21:00:00,4126.46,4126.69,4118.1,4124.29
XAU/USD,2025-10-23 21:15:00,4124.28,4124.29,4112.31,4113.42
XAU/USD,2025-10-23 21:30:00,4113.35,4120.61,4105.88,4113.14
XAU/USD,2025-10-23 21:45:00,4113.14,4114.36,4103.75,4110.21
XAU/USD,2025-10-23 22:00:00,4110.22,4122.66,4109.58,4118.77
XAU/USD,2025-10-23 22:15:00,4119.12,4119.91,4115.41,4117.6
XAU/USD,2025-10-23 22:30:00,4117.61,4120.86,4114.99,4117.56
XAU/USD,2025-10-23 22:45:00,4117.56,4121.39,4113.48,4115.49
XAU/USD,2025-10-23 23:00:00,4115.18,4120.43,4108.78,4109.2
XAU/USD,2025-10-23 23:15:00,4109.21,4115.01,4106.12,4113.37
XAU/USD,2025-10-23 23:30:00,4113.37,4132.32,4113.37,4121.7
XAU/USD,2025-10-23 23:45:00,4121.71,4131.79,4121.71,4130.79
XAU/USD,2025-10-24 00:00:00,4130.79,4139.12,4128.99,4138.37
XAU/USD,2025-10-24 00:15:00,4138.36,4153.55,4133.97,4149.87
XAU/USD,2025-10-24 00:30:00,4149.47,4150.28,4135.36,4150.28
XAU/USD,2025-10-24 00:45:00,4150.45,4151.99,4141.01,4146.58
XAU/USD,2025-10-24 01:00:00,4147.0,4157.46,4143.82,4145.1
XAU/USD,2025-10-24 01:15:00,4145.04,4150.1,4137.56,4149.34
XAU/USD,2025-10-24 01:30:00,4149.34,4149.63,4142.99,4147.05
XAU/USD,2025-10-24 01:45:00,4147.05,4153.34,4143.01,4149.95
XAU/USD,2025-10-24 02:00:00,4150.0,4153.29,4144.45,4145.94
XAU/USD,2025-10-24 02:15:00,4145.95,4150.79,4138.8,4145.8
XAU/USD,2025-10-24 02:30:00,4145.8,4147.99,4139.39,4142.87
XAU/USD,2025-10-24 02:45:00,4142.86,4146.09,4137.14,4141.4
XAU/USD,2025-10-24 03:00:00,4141.39,4149.06,4140.83,4143.59
XAU/USD,2025-10-24 03:15:00,4143.58,4143.58,4133.01,4140.13
XAU/USD,2025-10-24 03:30:00,4140.13,4143.2,4127.5,4128.05
XAU/USD,2025-10-24 03:45:00,4128.05,4133.91,4126.1,4131.43
XAU/USD,2025-10-24 04:00:00,4131.42,4137.43,4127.99,4137.18
XAU/USD,2025-10-24 04:15:00,4137.18,4137.52,4125.42,4129.35
XAU/USD,2025-10-24 04:30:00,4129.35,4138.16,4128.21,4134.71
XAU/USD,2025-10-24 04:45:00,4134.71,4138.21,4130.0,4137.12
XAU/USD,2025-10-24 05:00:00,4137.12,4140.34,4132.1,4139.85
XAU/USD,2025-10-24 05:15:00,4139.84,4144.81,4135.93,4141.51
XAU/USD,2025-10-24 05:30:00,4141.5,4141.5,4135.41,4138.81
XAU/USD,2025-10-24 05:45:00,4138.81,4139.18,4130.98,4135.06
XAU/USD,2025-10-24 06:00:00,4135.07,4136.35,4132.54,4133.93
XAU/USD,2025-10-24 06:15:00,4133.92,4133.93,4125.35,4128.62
XAU/USD,2025-10-24 06:30:00,4128.62,4128.62,4117.43,4120.54
XAU/USD,2025-10-24 06:45:00,4120.55,4121.82,4116.07,4117.0
XAU/USD,2025-10-24 07:00:00,4117.36,4117.48,4109.53,4112.02
XAU/USD,2025-10-24 07:15:00,4112.02,4114.16,4103.93,4104.0
XAU/USD,2025-10-24 07:30:00,4104.0,4114.29,4102.0,4112.6
XAU/USD,2025-10-24 07:45:00,4112.6,4122.49,4110.85,4120.2
XAU/USD,2025-10-24 08:00:00,4120.21,4127.97,4119.71,4127.32
XAU/USD,2025-10-24 08:15:00,4127.33,4127.33,4118.67,4118.69
XAU/USD,2025-10-24 08:30:00,4118.69,4126.37,4118.66,4123.03
XAU/USD,2025-10-24 08:45:00,4123.03,4124.5,4118.15,4124.5
XAU/USD,2025-10-24 09:00:00,4124.5,4126.64,4113.72,4123.07
XAU/USD,2025-10-24 09:15:00,4123.06,4123.06,4113.08,4116.57
XAU/USD,2025-10-24 09:30:00,4117.01,4118.77,4109.16,4109.16
XAU/USD,2025-10-24 09:45:00,4109.01,4115.27,4109.01,4111.73
XAU/USD,2025-10-24 10:00:00,4111.73,4116.15,4111.04,4112.52
XAU/USD,2025-10-24 10:15:00,4112.51,4112.51,4108.16,4108.17
XAU/USD,2025-10-24 10:30:00,4108.16,4114.27,4103.64,4114.27
XAU/USD,2025-10-24 10:45:00,4114.27,4119.93,4112.08,4117.46
XAU/USD,2025-10-24 11:00:00,4117.92,4130.21,4114.84,4129.53
XAU/USD,2025-10-24 11:15:00,4126.46,4130.22,4123.86,4130.22
XAU/USD,2025-10-24 11:30:00,4130.21,4130.67,4124.19,4124.56
XAU/USD,2025-10-24 11:45:00,4124.55,4130.04,4124.55,4129.25
XAU/USD,2025-10-24 12:00:00,4129.26,4138.77,4125.63,4138.77
XAU/USD,2025-10-24 12:15:00,4138.76,4139.52,4128.14,4133.4
XAU/USD,2025-10-24 12:30:00,4133.64,4133.65,4121.4,4123.34
XAU/USD,2025-10-24 12:45:00,4123.35,4125.26,4113.05,4118.6
XAU/USD,2025-10-24 13:00:00,4118.6,4118.6,4113.26,4114.72
XAU/USD,2025-10-24 13:15:00,4114.94,4117.15,4111.63,4112.53
XAU/USD,2025-10-24 13:30:00,4112.53,4117.79,4112.51,4115.23
XAU/USD,2025-10-24 13:45:00,4115.23,4118.11,4111.7,4111.7
XAU/USD,2025-10-24 14:00:00,4111.69,4118.33,4109.74,4118.1
XAU/USD,2025-10-24 14:15:00,4118.1,4119.71,4114.34,4118.84
XAU/USD,2025-10-24 14:30:00,4118.83,4119.32,4115.86,4117.56
XAU/USD,2025-10-24 14:45:00,4117.71,4125.01,4117.71,4125.0
XAU/USD,2025-10-24 15:00:00,4125.0,4125.01,4117.72,4118.9
XAU/USD,2025-10-24 15:15:00,4118.9,4118.91,4108.52,4109.21
XAU/USD,2025-10-24 15:30:00,4109.21,4110.54,4100.0,4104.99
XAU/USD,2025-10-24 15:45:00,4104.99,4110.73,4102.42,4108.73
XAU/USD,2025-10-24 16:00:00,4108.74,4114.73,4108.73,4111.26
XAU/USD,2025-10-24 16:15:00,4111.25,4115.2,4108.74,4111.22
XAU/USD,2025-10-24 16:30:00,4111.28,4111.72,4104.24,4106.75
XAU/USD,2025-10-24 16:45:00,4106.88,4111.3,4102.99,4103.48
XAU/USD,2025-10-24 17:00:00,4103.75,4104.12,4081.05,4081.95
XAU/USD,2025-10-24 17:15:00,4081.95,4091.18,4081.95,4090.46
XAU/USD,2025-10-24 17:30:00,4090.46,4095.69,4084.7,4092.52
XAU/USD,2025-10-24 17:45:00,4092.52,4097.13,4090.9,4091.07
XAU/USD,2025-10-24 18:00:00,4091.07,4093.35,4088.86,4092.37
XAU/USD,2025-10-24 18:15:00,4092.36,4092.37,4084.7,4086.02
XAU/USD,2025-10-24 18:30:00,4086.02,4087.62,4080.21,4083.96
XAU/USD,2025-10-24 18:45:00,4083.97,4084.4,4067.75,4071.99
XAU/USD,2025-10-24 19:00:00,4072.0,4074.77,4047.16,4050.59
XAU/USD,2025-10-24 19:15:00,4050.59,4056.43,4046.17,4054.53
XAU/USD,2025-10-24 19:30:00,4054.52,4064.27,4051.58,4058.85
XAU/USD,2025-10-24 19:45:00,4058.85,4069.22,4058.85,4065.39
XAU/USD,2025-10-24 20:00:00,4065.39,4071.53,4062.37,4070.61
XAU/USD,2025-10-24 20:15:00,4070.62,4071.99,4067.98,4069.11
XAU/USD,2025-10-24 20:30:00,4069.12,4071.72,4065.11,4068.24
XAU/USD,2025-10-24 20:45:00,4068.25,4071.23,4055.0,4059.83
XAU/USD,2025-10-24 21:00:00,4059.83,4068.95,4058.73,4066.18
XAU/USD,2025-10-24 21:15:00,4066.19,4067.45,4058.18,4058.99
XAU/USD,2025-10-24 21:30:00,4058.98,4061.67,4055.0,4058.74
XAU/USD,2025-10-24 21:45:00,4058.39,4059.12,4053.18,4053.76
XAU/USD,2025-10-24 22:00:00,4053.75,4066.4,4045.25,4060.05
XAU/USD,2025-10-24 22:15:00,4060.05,4062.35,4056.0,4059.2
XAU/USD,2025-10-24 22:30:00,4059.19,4061.35,4057.02,4059.22
XAU/USD,2025-10-24 22:45:00,4059.23,4066.49,4059.22,4061.53
XAU/USD,2025-10-24 23:00:00,4061.53,4065.22,4061.0,4061.01
XAU/USD,2025-10-24 23:15:00,4061.01,4064.99,4059.58,4061.93
XAU/USD,2025-10-24 23:30:00,4061.92,4089.62,4061.69,4081.89
XAU/USD,2025-10-24 23:45:00,4081.9,4082.78,4073.9,4080.2
XAU/USD,2025-10-25 00:00:00,4080.28,4089.38,4078.0,4085.57
XAU/USD,2025-10-25 00:15:00,4105.04,4120.07,4103.21,4107.76
XAU/USD,2025-10-25 00:30:00,4107.76,4113.22,4104.55,4112.81
