crypto,timestamp,open,high,low,close
ADA/USD,2025-10-13 17:15:00,0.716981,0.719458,0.715184,0.717215
ADA/USD,2025-10-13 17:30:00,0.717581,0.720013,0.71539,0.716178
ADA/USD,2025-10-13 17:45:00,0.716558,0.726756,0.71339,0.725753
ADA/USD,2025-10-13 18:00:00,0.724517,0.7266,0.719495,0.720237
ADA/USD,2025-10-13 18:15:00,0.720193,0.725528,0.720038,0.724898
ADA/USD,2025-10-13 18:30:00,0.724891,0.727105,0.721746,0.724074
ADA/USD,2025-10-13 18:45:00,0.724115,0.724614,0.718282,0.721706
ADA/USD,2025-10-13 19:00:00,0.721866,0.72551,0.720311,0.725268
ADA/USD,2025-10-13 19:15:00,0.725252,0.727111,0.722912,0.723463
ADA/USD,2025-10-13 19:30:00,0.723043,0.72694,0.722974,0.726671
ADA/USD,2025-10-13 19:45:00,0.726922,0.727672,0.72143,0.724367
ADA/USD,2025-10-13 20:00:00,0.724407,0.725707,0.723083,0.724579
ADA/USD,2025-10-13 20:15:00,0.724586,0.725736,0.723058,0.725258
ADA/USD,2025-10-13 20:30:00,0.724502,0.728204,0.723694,0.728018
ADA/USD,2025-10-13 20:45:00,0.727808,0.735417,0.727316,0.733638
ADA/USD,2025-10-13 21:00:00,0.733651,0.735849,0.731039,0.733158
ADA/USD,2025-10-13 21:15:00,0.733173,0.735095,0.72981,0.730344
ADA/USD,2025-10-13 21:30:00,0.730958,0.732514,0.729639,0.731586
ADA/USD,2025-10-13 21:45:00,0.731586,0.731586,0.728704,0.730994
ADA/USD,2025-10-13 22:00:00,0.731026,0.73378,0.730672,0.731449
ADA/USD,2025-10-13 22:15:00,0.731439,0.73437,0.730509,0.731192
ADA/USD,2025-10-13 22:30:00,0.731055,0.733538,0.730311,0.732608
ADA/USD,2025-10-13 22:45:00,0.732608,0.733588,0.73064,0.732123
ADA/USD,2025-10-13 23:00:00,0.731857,0.733016,0.729592,0.732096
ADA/USD,2025-10-13 23:15:00,0.732085,0.733545,0.730742,0.730742
ADA/USD,2025-10-13 23:30:00,0.731533,0.733338,0.728587,0.730316
ADA/USD,2025-10-13 23:45:00,0.729633,0.729805,0.727435,0.728357
ADA/USD,2025-10-14 00:00:00,0.728495,0.731281,0.727872,0.728881
ADA/USD,2025-10-14 00:15:00,0.728947,0.732513,0.728354,0.730542
ADA/USD,2025-10-14 00:30:00,0.730574,0.733373,0.727304,0.728499
ADA/USD,2025-10-14 00:45:00,0.728646,0.728676,0.724044,0.727438
ADA/USD,2025-10-14 01:00:00,0.727279,0.727587,0.72078,0.723682
ADA/USD,2025-10-14 01:15:00,0.723631,0.727364,0.723185,0.725661
ADA/USD,2025-10-14 01:30:00,0.725613,0.726432,0.723297,0.72471
ADA/USD,2025-10-14 01:45:00,0.72435,0.724989,0.7208,0.721979
ADA/USD,2025-10-14 02:00:00,0.722068,0.722086,0.717476,0.718245
ADA/USD,2025-10-14 02:15:00,0.718263,0.718844,0.714119,0.716676
ADA/USD,2025-10-14 02:30:00,0.716501,0.718552,0.71516,0.716012
ADA/USD,2025-10-14 02:45:00,0.716135,0.717387,0.714001,0.716995
ADA/USD,2025-10-14 03:00:00,0.717093,0.717475,0.710501,0.713838
ADA/USD,2025-10-14 03:15:00,0.714074,0.7178,0.711064,0.711356
ADA/USD,2025-10-14 03:30:00,0.710876,0.714201,0.710859,0.712645
ADA/USD,2025-10-14 03:45:00,0.712631,0.716652,0.712513,0.71576
ADA/USD,2025-10-14 04:00:00,0.71564,0.718138,0.711614,0.714143
ADA/USD,2025-10-14 04:15:00,0.714075,0.715237,0.71183,0.712861
ADA/USD,2025-10-14 04:30:00,0.712643,0.712808,0.706522,0.708345
ADA/USD,2025-10-14 04:45:00,0.708527,0.709293,0.701,0.704684
ADA/USD,2025-10-14 05:00:00,0.704066,0.710666,0.702964,0.709148
ADA/USD,2025-10-14 05:15:00,0.708744,0.709456,0.702015,0.702481
ADA/USD,2025-10-14 05:30:00,0.702327,0.702987,0.692189,0.694387
ADA/USD,2025-10-14 05:45:00,0.694333,0.698719,0.69342,0.696945
ADA/USD,2025-10-14 06:00:00,0.696775,0.700277,0.695996,0.696301
ADA/USD,2025-10-14 06:15:00,0.696103,0.696439,0.689209,0.690888
ADA/USD,2025-10-14 06:30:00,0.690988,0.693935,0.680143,0.681698
ADA/USD,2025-10-14 06:45:00,0.682089,0.686299,0.67,0.681957
ADA/USD,2025-10-14 07:00:00,0.681616,0.686266,0.677733,0.683517
ADA/USD,2025-10-14 07:15:00,0.683787,0.687805,0.679425,0.683729
ADA/USD,2025-10-14 07:30:00,0.68299,0.683599,0.674871,0.677403
ADA/USD,2025-10-14 07:45:00,0.676801,0.679223,0.674706,0.67782
ADA/USD,2025-10-14 08:00:00,0.677753,0.681438,0.673816,0.680355
ADA/USD,2025-10-14 08:15:00,0.680571,0.681391,0.675225,0.680937
ADA/USD,2025-10-14 08:30:00,0.681371,0.686726,0.680428,0.685586
ADA/USD,2025-10-14 08:45:00,0.685531,0.68598,0.680688,0.681595
ADA/USD,2025-10-14 09:00:00,0.681302,0.684553,0.680423,0.682375
ADA/USD,2025-10-14 09:15:00,0.682428,0.685605,0.680876,0.683906
ADA/USD,2025-10-14 09:30:00,0.683783,0.686541,0.681274,0.682029
ADA/USD,2025-10-14 09:45:00,0.681848,0.682631,0.675782,0.679219
ADA/USD,2025-10-14 10:00:00,0.678939,0.678989,0.673866,0.675522
ADA/USD,2025-10-14 10:15:00,0.674796,0.675146,0.668428,0.670589
ADA/USD,2025-10-14 10:30:00,0.669937,0.674715,0.662676,0.670238
ADA/USD,2025-10-14 10:45:00,0.670122,0.673409,0.667581,0.672466
ADA/USD,2025-10-14 11:00:00,0.672943,0.679614,0.672019,0.677975
ADA/USD,2025-10-14 11:15:00,0.678103,0.679614,0.675685,0.677918
ADA/USD,2025-10-14 11:30:00,0.67783,0.681219,0.676502,0.677021
ADA/USD,2025-10-14 11:45:00,0.677578,0.678766,0.676587,0.67697
ADA/USD,2025-10-14 12:00:00,0.676888,0.67738,0.672788,0.675331
ADA/USD,2025-10-14 12:15:00,0.674995,0.67551,0.67,0.672348
ADA/USD,2025-10-14 12:30:00,0.672451,0.673133,0.66832,0.670052
ADA/USD,2025-10-14 12:45:00,0.670046,0.671971,0.667077,0.668782
ADA/USD,2025-10-14 13:00:00,0.668598,0.670922,0.665782,0.668803
ADA/USD,2025-10-14 13:15:00,0.668642,0.674547,0.665561,0.674161
ADA/USD,2025-10-14 13:30:00,0.673801,0.67702,0.662311,0.670462
ADA/USD,2025-10-14 13:45:00,0.670036,0.678871,0.668397,0.674964
ADA/USD,2025-10-14 14:00:00,0.674954,0.679199,0.671557,0.679156
ADA/USD,2025-10-14 14:15:00,0.678833,0.684975,0.677882,0.679253
ADA/USD,2025-10-14 14:30:00,0.678769,0.684186,0.672774,0.683013
ADA/USD,2025-10-14 14:45:00,0.68324,0.686439,0.678777,0.679237
ADA/USD,2025-10-14 15:00:00,0.679747,0.684481,0.67649,0.678046
ADA/USD,2025-10-14 15:15:00,0.677785,0.68278,0.675384,0.681961
ADA/USD,2025-10-14 15:30:00,0.682085,0.690726,0.681797,0.689894
ADA/USD,2025-10-14 15:45:00,0.689893,0.69708,0.688544,0.69597
ADA/USD,2025-10-14 16:00:00,0.69634,0.69861,0.691689,0.697905
ADA/USD,2025-10-14 16:15:00,0.697915,0.708597,0.69681,0.700627
ADA/USD,2025-10-14 16:30:00,0.700917,0.70299,0.693894,0.699493
ADA/USD,2025-10-14 16:45:00,0.699616,0.704181,0.694281,0.696084
ADA/USD,2025-10-14 17:00:00,0.696029,0.703667,0.686349,0.703667
ADA/USD,2025-10-14 17:15:00,0.701966,0.703507,0.699124,0.70035
ADA/USD,2025-10-14 17:30:00,0.700445,0.701737,0.696054,0.700184
ADA/USD,2025-10-14 17:45:00,0.700138,0.702412,0.697518,0.698479
ADA/USD,2025-10-14 18:00:00,0.698481,0.705722,0.697938,0.704657
ADA/USD,2025-10-14 18:15:00,0.704812,0.705889,0.701451,0.702255
ADA/USD,2025-10-14 18:30:00,0.703098,0.704388,0.699284,0.700618
ADA/USD,2025-10-14 18:45:00,0.700179,0.704962,0.699224,0.701758
ADA/USD,2025-10-14 19:00:00,0.702037,0.7039,0.700936,0.703809
ADA/USD,2025-10-14 19:15:00,0.703706,0.706369,0.703046,0.704626
ADA/USD,2025-10-14 19:30:00,0.70464,0.704977,0.688106,0.689704
ADA/USD,2025-10-14 19:45:00,0.690453,0.697733,0.688709,0.694018
ADA/USD,2025-10-14 20:00:00,0.694436,0.697971,0.690279,0.691798
ADA/USD,2025-10-14 20:15:00,0.691742,0.695717,0.691341,0.694108
ADA/USD,2025-10-14 20:30:00,0.694057,0.696426,0.692499,0.696041
ADA/USD,2025-10-14 20:45:00,0.695755,0.696654,0.694317,0.694763
ADA/USD,2025-10-14 21:00:00,0.694845,0.696135,0.690895,0.691596
ADA/USD,2025-10-14 21:15:00,0.691694,0.694923,0.690027,0.694165
ADA/USD,2025-10-14 21:30:00,0.694327,0.695804,0.691988,0.693826
ADA/USD,2025-10-14 21:45:00,0.693858,0.69658,0.693438,0.695772
ADA/USD,2025-10-14 22:00:00,0.696035,0.700602,0.695975,0.699251
ADA/USD,2025-10-14 22:15:00,0.69911,0.700025,0.697047,0.697202
ADA/USD,2025-10-14 22:30:00,0.697238,0.697565,0.695538,0.696203
ADA/USD,2025-10-14 22:45:00,0.696273,0.696681,0.693587,0.695962
ADA/USD,2025-10-14 23:00:00,0.695638,0.700016,0.695638,0.698896
ADA/USD,2025-10-14 23:15:00,0.698896,0.700165,0.698086,0.698677
ADA/USD,2025-10-14 23:30:00,0.699083,0.701489,0.698619,0.699714
ADA/USD,2025-10-14 23:45:00,0.699741,0.701208,0.698463,0.698759
ADA/USD,2025-10-15 00:00:00,0.698722,0.699331,0.694189,0.694189
ADA/USD,2025-10-15 00:15:00,0.694238,0.696024,0.69166,0.693894
ADA/USD,2025-10-15 00:30:00,0.693693,0.696242,0.691564,0.694827
ADA/USD,2025-10-15 00:45:00,0.694901,0.698042,0.694276,0.697694
ADA/USD,2025-10-15 01:00:00,0.697671,0.698797,0.691488,0.693954
ADA/USD,2025-10-15 01:15:00,0.693792,0.695511,0.691726,0.691726
ADA/USD,2025-10-15 01:30:00,0.691846,0.693631,0.690673,0.693003
ADA/USD,2025-10-15 01:45:00,0.693008,0.696439,0.691922,0.696094
ADA/USD,2025-10-15 02:00:00,0.696091,0.698672,0.694975,0.698234
ADA/USD,2025-10-15 02:15:00,0.698234,0.703394,0.697413,0.703219
ADA/USD,2025-10-15 02:30:00,0.703027,0.703873,0.699052,0.699341
ADA/USD,2025-10-15 02:45:00,0.699501,0.700393,0.69745,0.697682
ADA/USD,2025-10-15 03:00:00,0.697615,0.698591,0.694154,0.695605
ADA/USD,2025-10-15 03:15:00,0.695398,0.695398,0.691249,0.694165
ADA/USD,2025-10-15 03:30:00,0.693495,0.693495,0.689631,0.69059
ADA/USD,2025-10-15 03:45:00,0.690362,0.692143,0.687326,0.690881
ADA/USD,2025-10-15 04:00:00,0.691043,0.691292,0.688111,0.69054
ADA/USD,2025-10-15 04:15:00,0.690583,0.694003,0.690373,0.693184
ADA/USD,2025-10-15 04:30:00,0.693549,0.694077,0.691399,0.692504
ADA/USD,2025-10-15 04:45:00,0.692205,0.697363,0.692009,0.696145
ADA/USD,2025-10-15 05:00:00,0.696193,0.699562,0.696193,0.699105
ADA/USD,2025-10-15 05:15:00,0.699227,0.700668,0.696069,0.69691
ADA/USD,2025-10-15 05:30:00,0.696805,0.700463,0.695442,0.699509
ADA/USD,2025-10-15 05:45:00,0.699661,0.699698,0.697065,0.698831
ADA/USD,2025-10-15 06:00:00,0.699026,0.700673,0.695812,0.697631
ADA/USD,2025-10-15 06:15:00,0.697583,0.698046,0.69364,0.69364
ADA/USD,2025-10-15 06:30:00,0.694754,0.703364,0.693882,0.700276
ADA/USD,2025-10-15 06:45:00,0.700327,0.702647,0.700003,0.702549
ADA/USD,2025-10-15 07:00:00,0.702842,0.703424,0.700316,0.701353
ADA/USD,2025-10-15 07:15:00,0.701386,0.703062,0.699427,0.699437
ADA/USD,2025-10-15 07:30:00,0.699264,0.701238,0.698468,0.699977
ADA/USD,2025-10-15 07:45:00,0.699797,0.702508,0.699583,0.702378
ADA/USD,2025-10-15 08:00:00,0.702093,0.704419,0.701618,0.704283
ADA/USD,2025-10-15 08:15:00,0.704302,0.710979,0.703925,0.710296
ADA/USD,2025-10-15 08:30:00,0.710094,0.716057,0.707348,0.709729
ADA/USD,2025-10-15 08:45:00,0.709781,0.709781,0.704969,0.705022
ADA/USD,2025-10-15 09:00:00,0.705042,0.705132,0.701227,0.702167
ADA/USD,2025-10-15 09:15:00,0.702253,0.702622,0.697724,0.699109
ADA/USD,2025-10-15 09:30:00,0.699022,0.70062,0.695953,0.700083
ADA/USD,2025-10-15 09:45:00,0.699936,0.701404,0.698533,0.699907
ADA/USD,2025-10-15 10:00:00,0.699706,0.700246,0.696895,0.699319
ADA/USD,2025-10-15 10:15:00,0.69922,0.699902,0.69418,0.695807
ADA/USD,2025-10-15 10:30:00,0.695774,0.695774,0.692342,0.69467
ADA/USD,2025-10-15 10:45:00,0.694675,0.695461,0.692918,0.694196
ADA/USD,2025-10-15 11:00:00,0.693749,0.695962,0.692415,0.692483
ADA/USD,2025-10-15 11:15:00,0.692545,0.692867,0.686765,0.692533
ADA/USD,2025-10-15 11:30:00,0.691987,0.695453,0.690923,0.695368
ADA/USD,2025-10-15 11:45:00,0.695106,0.695106,0.690588,0.690722
ADA/USD,2025-10-15 12:00:00,0.690634,0.6939,0.690411,0.690985
ADA/USD,2025-10-15 12:15:00,0.690931,0.691884,0.684879,0.686034
ADA/USD,2025-10-15 12:30:00,0.685965,0.688226,0.684823,0.687654
ADA/USD,2025-10-15 12:45:00,0.688028,0.690431,0.687453,0.690051
ADA/USD,2025-10-15 13:00:00,0.689921,0.69028,0.684725,0.686136
ADA/USD,2025-10-15 13:15:00,0.686292,0.688813,0.685072,0.686452
ADA/USD,2025-10-15 13:30:00,0.686127,0.692856,0.684002,0.686895
ADA/USD,2025-10-15 13:45:00,0.687422,0.688237,0.674219,0.686988
ADA/USD,2025-10-15 14:00:00,0.687163,0.694121,0.686818,0.691162
ADA/USD,2025-10-15 14:15:00,0.691398,0.693253,0.688903,0.689756
ADA/USD,2025-10-15 14:30:00,0.689951,0.690206,0.68275,0.684092
ADA/USD,2025-10-15 14:45:00,0.68396,0.68396,0.676068,0.679823
ADA/USD,2025-10-15 15:00:00,0.67999,0.683363,0.675641,0.679234
ADA/USD,2025-10-15 15:15:00,0.679571,0.683047,0.676221,0.678058
ADA/USD,2025-10-15 15:30:00,0.677921,0.679534,0.672014,0.674067
ADA/USD,2025-10-15 15:45:00,0.673736,0.67383,0.668711,0.672813
ADA/USD,2025-10-15 16:00:00,0.672773,0.674556,0.669958,0.67217
ADA/USD,2025-10-15 16:15:00,0.672181,0.675409,0.669227,0.673746
ADA/USD,2025-10-15 16:30:00,0.673824,0.675023,0.67119,0.672074
ADA/USD,2025-10-15 16:45:00,0.672139,0.675597,0.670683,0.671603
ADA/USD,2025-10-15 17:00:00,0.671708,0.671711,0.665,0.665326
ADA/USD,2025-10-15 17:15:00,0.665045,0.669551,0.664285,0.66758
ADA/USD,2025-10-15 17:30:00,0.667065,0.670873,0.66509,0.669842
ADA/USD,2025-10-15 17:45:00,0.669868,0.6738,0.669868,0.673666
ADA/USD,2025-10-15 18:00:00,0.67449,0.674745,0.670377,0.671609
ADA/USD,2025-10-15 18:15:00,0.671843,0.675096,0.67143,0.673559
ADA/USD,2025-10-15 18:30:00,0.673464,0.674744,0.671444,0.672608
ADA/USD,2025-10-15 18:45:00,0.672687,0.676634,0.671641,0.675981
ADA/USD,2025-10-15 19:00:00,0.675964,0.675964,0.671554,0.672366
ADA/USD,2025-10-15 19:15:00,0.67233,0.675363,0.671454,0.67459
ADA/USD,2025-10-15 19:30:00,0.674431,0.675065,0.669545,0.671358
ADA/USD,2025-10-15 19:45:00,0.670902,0.671503,0.666855,0.669408
ADA/USD,2025-10-15 20:00:00,0.66959,0.671718,0.668882,0.670354
ADA/USD,2025-10-15 20:15:00,0.670375,0.672854,0.666947,0.667208
ADA/USD,2025-10-15 20:30:00,0.666594,0.669825,0.657504,0.669288
ADA/USD,2025-10-15 20:45:00,0.669397,0.670507,0.664524,0.664718
ADA/USD,2025-10-15 21:00:00,0.664805,0.666573,0.658384,0.663221
ADA/USD,2025-10-15 21:15:00,0.663228,0.667422,0.6608,0.666668
ADA/USD,2025-10-15 21:30:00,0.666481,0.668911,0.664741,0.666038
ADA/USD,2025-10-15 21:45:00,0.66618,0.666544,0.660102,0.662381
ADA/USD,2025-10-15 22:00:00,0.662732,0.666825,0.662046,0.666825
ADA/USD,2025-10-15 22:15:00,0.666718,0.66841,0.665671,0.666258
ADA/USD,2025-10-15 22:30:00,0.666258,0.668565,0.665831,0.667519
ADA/USD,2025-10-15 22:45:00,0.667519,0.667846,0.66273,0.664335
ADA/USD,2025-10-15 23:00:00,0.664205,0.666337,0.663859,0.666337
ADA/USD,2025-10-15 23:15:00,0.667394,0.668672,0.664997,0.667539
ADA/USD,2025-10-15 23:30:00,0.667614,0.670219,0.667614,0.669222
ADA/USD,2025-10-15 23:45:00,0.669206,0.66977,0.667065,0.668579
ADA/USD,2025-10-16 00:00:00,0.6687,0.67012,0.666062,0.666264
ADA/USD,2025-10-16 00:15:00,0.666398,0.67088,0.66602,0.669791
ADA/USD,2025-10-16 00:30:00,0.669518,0.669518,0.666292,0.667164
ADA/USD,2025-10-16 00:45:00,0.667164,0.669156,0.666,0.666789
ADA/USD,2025-10-16 01:00:00,0.666702,0.672351,0.666702,0.670204
ADA/USD,2025-10-16 01:15:00,0.670192,0.6711,0.668283,0.668831
ADA/USD,2025-10-16 01:30:00,0.668463,0.670272,0.667367,0.669431
ADA/USD,2025-10-16 01:45:00,0.669244,0.673178,0.668714,0.67232
ADA/USD,2025-10-16 02:00:00,0.672565,0.675693,0.670581,0.673359
ADA/USD,2025-10-16 02:15:00,0.673152,0.673545,0.671658,0.673102
ADA/USD,2025-10-16 02:30:00,0.673201,0.673218,0.669184,0.669593
ADA/USD,2025-10-16 02:45:00,0.669657,0.673612,0.669157,0.673223
ADA/USD,2025-10-16 03:00:00,0.673399,0.674475,0.671768,0.672237
ADA/USD,2025-10-16 03:15:00,0.671885,0.6748,0.671183,0.673852
ADA/USD,2025-10-16 03:30:00,0.673881,0.673881,0.67054,0.671918
ADA/USD,2025-10-16 03:45:00,0.67193,0.672284,0.66968,0.66968
ADA/USD,2025-10-16 04:00:00,0.670157,0.67397,0.66979,0.673263
ADA/USD,2025-10-16 04:15:00,0.673402,0.674321,0.67324,0.673794
ADA/USD,2025-10-16 04:30:00,0.673531,0.674339,0.669775,0.670258
ADA/USD,2025-10-16 04:45:00,0.670162,0.670646,0.666706,0.668628
ADA/USD,2025-10-16 05:00:00,0.668661,0.669951,0.666833,0.669319
ADA/USD,2025-10-16 05:15:00,0.669785,0.669974,0.667603,0.668291
ADA/USD,2025-10-16 05:30:00,0.668231,0.67312,0.668231,0.671824
ADA/USD,2025-10-16 05:45:00,0.671699,0.672343,0.664982,0.668091
ADA/USD,2025-10-16 06:00:00,0.668273,0.670121,0.667273,0.668864
ADA/USD,2025-10-16 06:15:00,0.668652,0.671478,0.668367,0.671478
ADA/USD,2025-10-16 06:30:00,0.671297,0.673268,0.670922,0.671972
ADA/USD,2025-10-16 06:45:00,0.671356,0.676396,0.671353,0.675841
ADA/USD,2025-10-16 07:00:00,0.676092,0.676281,0.673228,0.674329
ADA/USD,2025-10-16 07:15:00,0.674253,0.674253,0.668581,0.668611
ADA/USD,2025-10-16 07:30:00,0.668771,0.671641,0.66822,0.671641
ADA/USD,2025-10-16 07:45:00,0.671576,0.67266,0.669627,0.670819
ADA/USD,2025-10-16 08:00:00,0.670777,0.671707,0.668181,0.671527
ADA/USD,2025-10-16 08:15:00,0.671378,0.672245,0.668725,0.668901
ADA/USD,2025-10-16 08:30:00,0.668925,0.670638,0.666045,0.668017
ADA/USD,2025-10-16 08:45:00,0.667982,0.669111,0.667381,0.668403
ADA/USD,2025-10-16 09:00:00,0.668355,0.671072,0.666631,0.670219
ADA/USD,2025-10-16 09:15:00,0.670713,0.671784,0.667196,0.667218
ADA/USD,2025-10-16 09:30:00,0.667217,0.670219,0.652332,0.668699
ADA/USD,2025-10-16 09:45:00,0.668828,0.677773,0.668536,0.673043
ADA/USD,2025-10-16 10:00:00,0.672844,0.679,0.672714,0.677252
ADA/USD,2025-10-16 10:15:00,0.677251,0.681509,0.676289,0.67636
ADA/USD,2025-10-16 10:30:00,0.676361,0.679412,0.676165,0.679061
ADA/USD,2025-10-16 10:45:00,0.678876,0.680795,0.677867,0.678566
ADA/USD,2025-10-16 11:00:00,0.678624,0.681535,0.677418,0.678609
ADA/USD,2025-10-16 11:15:00,0.67854,0.679372,0.674871,0.675381
ADA/USD,2025-10-16 11:30:00,0.675457,0.676831,0.673749,0.6762
ADA/USD,2025-10-16 11:45:00,0.676471,0.680176,0.676252,0.680076
ADA/USD,2025-10-16 12:00:00,0.680293,0.684518,0.678069,0.678268
ADA/USD,2025-10-16 12:15:00,0.678054,0.680063,0.677689,0.678737
ADA/USD,2025-10-16 12:30:00,0.679197,0.682615,0.677723,0.68083
ADA/USD,2025-10-16 12:45:00,0.68083,0.681703,0.679713,0.680122
ADA/USD,2025-10-16 13:00:00,0.679439,0.680612,0.676946,0.678168
ADA/USD,2025-10-16 13:15:00,0.678363,0.67908,0.674812,0.677199
ADA/USD,2025-10-16 13:30:00,0.677187,0.680476,0.675606,0.677915
ADA/USD,2025-10-16 13:45:00,0.677784,0.679148,0.670916,0.672829
ADA/USD,2025-10-16 14:00:00,0.672967,0.6735,0.66678,0.668119
ADA/USD,2025-10-16 14:15:00,0.668138,0.670044,0.66244,0.666099
ADA/USD,2025-10-16 14:30:00,0.666099,0.677169,0.666092,0.6762
ADA/USD,2025-10-16 14:45:00,0.676288,0.67707,0.668181,0.669009
ADA/USD,2025-10-16 15:00:00,0.669181,0.670293,0.664545,0.670093
ADA/USD,2025-10-16 15:15:00,0.670215,0.671006,0.661641,0.663013
ADA/USD,2025-10-16 15:30:00,0.6629,0.66578,0.657637,0.659189
ADA/USD,2025-10-16 15:45:00,0.659227,0.659541,0.648923,0.651953
ADA/USD,2025-10-16 16:00:00,0.652051,0.654518,0.646096,0.651398
ADA/USD,2025-10-16 16:15:00,0.653865,0.655466,0.649843,0.650068
ADA/USD,2025-10-16 16:30:00,0.651306,0.651446,0.646662,0.649728
ADA/USD,2025-10-16 16:45:00,0.652378,0.664442,0.650982,0.663555
ADA/USD,2025-10-16 17:00:00,0.663107,0.663107,0.655444,0.655557
ADA/USD,2025-10-16 17:15:00,0.655473,0.662274,0.655473,0.660107
ADA/USD,2025-10-16 17:30:00,0.658087,0.659771,0.656441,0.656486
ADA/USD,2025-10-16 17:45:00,0.654458,0.656395,0.653183,0.653587
ADA/USD,2025-10-16 18:00:00,0.654919,0.6554,0.652362,0.652832
ADA/USD,2025-10-16 18:15:00,0.648618,0.649141,0.647851,0.648989
ADA/USD,2025-10-16 18:30:00,0.64791,0.648998,0.647667,0.648249
ADA/USD,2025-10-16 18:45:00,0.652484,0.654571,0.649623,0.652807
ADA/USD,2025-10-16 19:00:00,0.653037,0.65378,0.64727,0.647937
ADA/USD,2025-10-16 19:15:00,0.647937,0.649043,0.642029,0.644103
ADA/USD,2025-10-16 19:30:00,0.644202,0.644761,0.638599,0.641611
ADA/USD,2025-10-16 19:45:00,0.641617,0.648312,0.639279,0.643538
ADA/USD,2025-10-16 20:00:00,0.643365,0.64615,0.641134,0.641219
ADA/USD,2025-10-16 20:15:00,0.641346,0.643754,0.638461,0.640074
ADA/USD,2025-10-16 20:30:00,0.640092,0.641094,0.633193,0.637408
ADA/USD,2025-10-16 20:45:00,0.637346,0.64041,0.636265,0.637666
ADA/USD,2025-10-16 21:00:00,0.637548,0.640026,0.635795,0.639559
ADA/USD,2025-10-16 21:15:00,0.639354,0.641776,0.638343,0.641189
ADA/USD,2025-10-16 21:30:00,0.641089,0.644229,0.640988,0.64244
ADA/USD,2025-10-16 21:45:00,0.642595,0.645501,0.642365,0.644996
ADA/USD,2025-10-16 22:00:00,0.644995,0.645904,0.64134,0.641567
ADA/USD,2025-10-16 22:15:00,0.641666,0.643364,0.641156,0.642694
ADA/USD,2025-10-16 22:30:00,0.642693,0.643471,0.640574,0.640819
ADA/USD,2025-10-16 22:45:00,0.640797,0.642426,0.63833,0.638344
ADA/USD,2025-10-16 23:00:00,0.638274,0.642581,0.637751,0.641626
ADA/USD,2025-10-16 23:15:00,0.641637,0.646152,0.641637,0.645139
ADA/USD,2025-10-16 23:30:00,0.645057,0.645705,0.643098,0.644015
ADA/USD,2025-10-16 23:45:00,0.64411,0.64592,0.643575,0.645281
ADA/USD,2025-10-17 00:00:00,0.645216,0.647551,0.643714,0.647016
ADA/USD,2025-10-17 00:15:00,0.647056,0.648701,0.646552,0.648701
ADA/USD,2025-10-17 00:30:00,0.648568,0.650117,0.647054,0.648346
ADA/USD,2025-10-17 00:45:00,0.648378,0.650189,0.646763,0.650189
ADA/USD,2025-10-17 01:00:00,0.650333,0.655816,0.649405,0.652406
ADA/USD,2025-10-17 01:15:00,0.652296,0.653896,0.650052,0.651128
ADA/USD,2025-10-17 01:30:00,0.651174,0.651926,0.647271,0.64819
ADA/USD,2025-10-17 01:45:00,0.648246,0.649184,0.646034,0.648476
ADA/USD,2025-10-17 02:00:00,0.648608,0.650463,0.646314,0.647499
ADA/USD,2025-10-17 02:15:00,0.647444,0.647444,0.644267,0.644602
ADA/USD,2025-10-17 02:30:00,0.644541,0.648413,0.644481,0.648119
ADA/USD,2025-10-17 02:45:00,0.648174,0.651461,0.647327,0.649365
ADA/USD,2025-10-17 03:00:00,0.649481,0.651776,0.649481,0.650346
BTC/USD,2025-10-13 17:30:00,114645.99,114802.43,114500.01,114551.02
BTC/USD,2025-10-13 17:45:00,114560.0,115150.0,114308.44,115112.35
BTC/USD,2025-10-13 18:00:00,115112.34,115191.61,114801.46,114857.18
BTC/USD,2025-10-13 18:15:00,114857.18,115431.78,114845.91,115368.36
BTC/USD,2025-10-13 18:30:00,115365.99,115475.0,115053.51,115298.81
BTC/USD,2025-10-13 18:45:00,115297.39,115378.14,115101.0,115251.43
BTC/USD,2025-10-13 19:00:00,115251.69,115372.0,115167.96,115372.0
BTC/USD,2025-10-13 19:15:00,115371.99,115829.68,115305.12,115697.74
BTC/USD,2025-10-13 19:30:00,115696.49,115829.17,115576.36,115798.41
BTC/USD,2025-10-13 19:45:00,115798.42,115995.74,115690.69,115899.11
BTC/USD,2025-10-13 20:00:00,115899.12,115994.0,115645.32,115747.32
BTC/USD,2025-10-13 20:15:00,115752.2,115804.56,115578.54,115586.23
BTC/USD,2025-10-13 20:30:00,115585.96,115676.8,115500.0,115574.41
BTC/USD,2025-10-13 20:45:00,115574.42,115852.92,115563.3,115816.0
BTC/USD,2025-10-13 21:00:00,115815.99,115895.99,115648.0,115735.31
BTC/USD,2025-10-13 21:15:00,115735.32,115897.33,115656.67,115740.63
BTC/USD,2025-10-13 21:30:00,115740.62,115800.39,115691.47,115728.27
BTC/USD,2025-10-13 21:45:00,115728.27,115817.16,115691.0,115811.89
BTC/USD,2025-10-13 22:00:00,115811.89,115945.0,115778.0,115850.49
BTC/USD,2025-10-13 22:15:00,115850.49,115894.1,115688.32,115688.33
BTC/USD,2025-10-13 22:30:00,115688.32,115710.22,115536.01,115661.99
BTC/USD,2025-10-13 22:45:00,115661.98,115693.0,115565.68,115613.03
BTC/USD,2025-10-13 23:00:00,115607.97,115609.15,115407.18,115454.01
BTC/USD,2025-10-13 23:15:00,115454.01,115543.26,115418.5,115496.0
BTC/USD,2025-10-13 23:30:00,115493.77,115531.92,115174.81,115284.2
BTC/USD,2025-10-13 23:45:00,115282.74,115316.18,115087.66,115274.03
BTC/USD,2025-10-14 00:00:00,115274.03,115337.99,115150.01,115327.88
BTC/USD,2025-10-14 00:15:00,115327.88,115488.54,115239.11,115312.86
BTC/USD,2025-10-14 00:30:00,115312.86,115514.91,115191.72,115269.98
BTC/USD,2025-10-14 00:45:00,115269.97,115269.97,114970.59,115057.99
BTC/USD,2025-10-14 01:00:00,115057.99,115102.0,114637.58,114782.01
BTC/USD,2025-10-14 01:15:00,114782.01,114877.49,114547.03,114660.39
BTC/USD,2025-10-14 01:30:00,114660.38,114693.27,114539.61,114599.73
BTC/USD,2025-10-14 01:45:00,114599.74,114607.7,114211.21,114356.52
BTC/USD,2025-10-14 02:00:00,114356.51,114388.96,114154.18,114177.93
BTC/USD,2025-10-14 02:15:00,114177.93,114236.49,113950.3,114100.52
BTC/USD,2025-10-14 02:30:00,114100.49,114199.59,113870.98,113949.99
BTC/USD,2025-10-14 02:45:00,113949.99,114048.0,113701.0,113703.75
BTC/USD,2025-10-14 03:00:00,113703.74,113731.59,113343.3,113579.01
BTC/USD,2025-10-14 03:15:00,113579.01,113778.96,113382.81,113400.0
BTC/USD,2025-10-14 03:30:00,113399.99,113608.0,113371.51,113573.28
BTC/USD,2025-10-14 03:45:00,113573.27,113779.88,113504.54,113574.95
BTC/USD,2025-10-14 04:00:00,113574.95,113684.98,113279.85,113505.86
BTC/USD,2025-10-14 04:15:00,113505.78,113621.0,113350.0,113558.76
BTC/USD,2025-10-14 04:30:00,113558.76,113558.76,113178.75,113255.56
BTC/USD,2025-10-14 04:45:00,113255.58,113269.57,112842.0,113132.96
BTC/USD,2025-10-14 05:00:00,113135.6,113768.23,113071.15,113580.0
BTC/USD,2025-10-14 05:15:00,113575.77,113628.97,113023.5,113111.03
BTC/USD,2025-10-14 05:30:00,113113.38,113196.75,112464.27,112575.36
BTC/USD,2025-10-14 05:45:00,112575.36,112784.0,112465.99,112566.84
BTC/USD,2025-10-14 06:00:00,112570.0,112787.37,112545.89,112637.76
BTC/USD,2025-10-14 06:15:00,112629.02,112640.22,112339.72,112375.55
BTC/USD,2025-10-14 06:30:00,112378.12,112526.81,111880.01,111920.15
BTC/USD,2025-10-14 06:45:00,111920.0,112213.63,111444.0,112053.02
BTC/USD,2025-10-14 07:00:00,112053.02,112224.79,111734.16,112018.0
BTC/USD,2025-10-14 07:15:00,112023.96,112278.92,111862.45,112158.0
BTC/USD,2025-10-14 07:30:00,112169.61,112176.9,111585.96,111743.95
BTC/USD,2025-10-14 07:45:00,111738.69,111849.49,111545.91,111799.44
BTC/USD,2025-10-14 08:00:00,111794.0,111997.89,111591.28,111969.11
BTC/USD,2025-10-14 08:15:00,111976.82,112082.79,111735.21,112058.02
BTC/USD,2025-10-14 08:30:00,112054.13,112228.01,111997.14,112167.39
BTC/USD,2025-10-14 08:45:00,112166.5,112214.79,111832.75,111907.35
BTC/USD,2025-10-14 09:00:00,111907.35,112104.6,111845.99,111868.19
BTC/USD,2025-10-14 09:15:00,111867.91,111994.0,111719.67,111861.88
BTC/USD,2025-10-14 09:30:00,111858.39,111998.79,111505.09,111596.31
BTC/USD,2025-10-14 09:45:00,111604.99,111640.35,111127.51,111364.0
BTC/USD,2025-10-14 10:00:00,111372.0,111423.54,110924.0,111027.71
BTC/USD,2025-10-14 10:15:00,111027.6,111049.5,110435.97,110470.74
BTC/USD,2025-10-14 10:30:00,110470.74,110770.92,110127.0,110461.63
BTC/USD,2025-10-14 10:45:00,110461.95,110802.0,110254.0,110712.45
BTC/USD,2025-10-14 11:00:00,110714.28,111444.0,110698.7,111437.77
BTC/USD,2025-10-14 11:15:00,111437.02,111701.67,111317.09,111567.75
BTC/USD,2025-10-14 11:30:00,111567.74,111719.66,111372.71,111415.95
BTC/USD,2025-10-14 11:45:00,111415.85,111627.99,111335.74,111394.48
BTC/USD,2025-10-14 12:00:00,111395.66,111454.88,111032.75,111345.14
BTC/USD,2025-10-14 12:15:00,111345.14,111373.3,111035.83,111330.43
BTC/USD,2025-10-14 12:30:00,111330.43,111368.26,110838.42,110960.63
BTC/USD,2025-10-14 12:45:00,110960.61,111213.01,110814.24,110889.47
BTC/USD,2025-10-14 13:00:00,110889.47,111038.88,110555.59,110779.99
BTC/USD,2025-10-14 13:15:00,110780.0,110887.9,110416.02,110836.88
BTC/USD,2025-10-14 13:30:00,110836.88,110991.27,109945.86,110765.09
BTC/USD,2025-10-14 13:45:00,110764.8,111421.54,110587.74,111088.61
BTC/USD,2025-10-14 14:00:00,111093.36,111792.0,110987.6,111756.5
BTC/USD,2025-10-14 14:15:00,111756.51,112284.98,111660.38,111906.09
BTC/USD,2025-10-14 14:30:00,111906.04,112015.51,111438.0,111907.72
BTC/USD,2025-10-14 14:45:00,111905.75,112207.64,111421.72,111477.27
BTC/USD,2025-10-14 15:00:00,111477.25,111859.0,111170.38,111244.41
BTC/USD,2025-10-14 15:15:00,111244.0,111585.0,111111.0,111555.07
BTC/USD,2025-10-14 15:30:00,111552.01,112343.5,111426.71,112198.06
BTC/USD,2025-10-14 15:45:00,112198.06,112979.99,112155.25,112960.11
BTC/USD,2025-10-14 16:00:00,112954.84,112982.36,112334.17,112576.01
BTC/USD,2025-10-14 16:15:00,112577.04,113272.0,112477.27,112801.6
BTC/USD,2025-10-14 16:30:00,112805.05,112957.0,112359.75,112829.56
BTC/USD,2025-10-14 16:45:00,112829.57,112941.95,112261.92,112398.04
BTC/USD,2025-10-14 17:00:00,112398.05,112935.63,111756.05,112822.29
BTC/USD,2025-10-14 17:15:00,112822.07,113008.52,112694.0,112890.79
BTC/USD,2025-10-14 17:30:00,112858.83,112993.56,112424.71,112759.12
BTC/USD,2025-10-14 17:45:00,112761.74,113010.13,112704.14,112844.01
BTC/USD,2025-10-14 18:00:00,112844.02,113441.59,112792.0,113328.0
BTC/USD,2025-10-14 18:15:00,113328.0,113533.01,113205.31,113223.11
BTC/USD,2025-10-14 18:30:00,113223.11,113419.37,112839.5,112900.01
BTC/USD,2025-10-14 18:45:00,112900.01,113189.61,112708.8,112903.59
BTC/USD,2025-10-14 19:00:00,112910.0,113253.03,112910.0,113227.66
BTC/USD,2025-10-14 19:15:00,113223.11,113611.36,113223.11,113429.85
BTC/USD,2025-10-14 19:30:00,113429.84,113498.29,112065.45,112173.7
BTC/USD,2025-10-14 19:45:00,112181.34,112872.03,112087.2,112664.75
BTC/USD,2025-10-14 20:00:00,112660.02,112833.68,112265.02,112614.0
BTC/USD,2025-10-14 20:15:00,112615.31,112962.6,112554.44,112848.94
BTC/USD,2025-10-14 20:30:00,112848.94,112943.66,112749.88,112931.16
BTC/USD,2025-10-14 20:45:00,112927.82,113051.68,112844.98,113048.24
BTC/USD,2025-10-14 21:00:00,113048.24,113054.39,112742.03,112806.5
BTC/USD,2025-10-14 21:15:00,112806.5,113057.0,112768.23,113027.38
BTC/USD,2025-10-14 21:30:00,113027.38,113211.99,112908.78,113128.3
BTC/USD,2025-10-14 21:45:00,113128.29,113240.94,113021.03,113175.34
BTC/USD,2025-10-14 22:00:00,113175.34,113639.19,113175.34,113492.03
BTC/USD,2025-10-14 22:15:00,113492.03,113503.11,113200.0,113235.19
BTC/USD,2025-10-14 22:30:00,113235.18,113249.64,112942.49,113003.54
BTC/USD,2025-10-14 22:45:00,113003.54,113299.99,112835.28,113264.91
BTC/USD,2025-10-14 23:00:00,113264.92,113557.26,113168.21,113495.72
BTC/USD,2025-10-14 23:15:00,113495.73,113572.39,113388.0,113485.79
BTC/USD,2025-10-14 23:30:00,113485.79,113532.66,113306.55,113323.27
BTC/USD,2025-10-14 23:45:00,113323.27,113362.81,113043.04,113068.0
BTC/USD,2025-10-15 00:00:00,113072.18,113101.99,112814.74,112838.89
BTC/USD,2025-10-15 00:15:00,112838.88,113087.9,112694.17,112878.8
BTC/USD,2025-10-15 00:30:00,112878.79,113078.99,112644.5,112986.58
BTC/USD,2025-10-15 00:45:00,112987.66,113172.83,112858.84,113041.4
BTC/USD,2025-10-15 01:00:00,113041.41,113066.56,112458.77,112776.32
BTC/USD,2025-10-15 01:15:00,112783.44,112924.0,112535.25,112537.15
BTC/USD,2025-10-15 01:30:00,112537.15,112584.8,112372.0,112559.47
BTC/USD,2025-10-15 01:45:00,112559.47,112825.94,112473.21,112784.28
BTC/USD,2025-10-15 02:00:00,112781.98,113048.99,112714.13,113009.12
BTC/USD,2025-10-15 02:15:00,113011.94,113600.0,112914.73,113600.0
BTC/USD,2025-10-15 02:30:00,113600.0,113671.99,113033.49,113085.97
BTC/USD,2025-10-15 02:45:00,113085.97,113148.25,112850.66,112860.93
BTC/USD,2025-10-15 03:00:00,112860.93,112924.9,112386.67,112526.45
BTC/USD,2025-10-15 03:15:00,112526.44,112550.11,111995.43,112311.27
BTC/USD,2025-10-15 03:30:00,112311.28,112319.9,111915.73,112080.34
BTC/USD,2025-10-15 03:45:00,112080.33,112193.88,111868.2,112073.9
BTC/USD,2025-10-15 04:00:00,112075.4,112169.99,111793.73,112069.99
BTC/USD,2025-10-15 04:15:00,112069.98,112389.8,112003.26,112235.52
BTC/USD,2025-10-15 04:30:00,112241.62,112319.91,112129.68,112261.56
BTC/USD,2025-10-15 04:45:00,112255.05,112524.5,112205.14,112389.78
BTC/USD,2025-10-15 05:00:00,112389.78,112584.37,112364.09,112547.72
BTC/USD,2025-10-15 05:15:00,112545.04,112626.69,112272.0,112364.89
BTC/USD,2025-10-15 05:30:00,112369.81,112709.13,112235.0,112609.76
BTC/USD,2025-10-15 05:45:00,112609.76,112609.76,112405.21,112486.5
BTC/USD,2025-10-15 06:00:00,112486.3,112553.26,112202.04,112291.49
BTC/USD,2025-10-15 06:15:00,112291.48,112310.06,111944.27,112055.19
BTC/USD,2025-10-15 06:30:00,112004.18,112628.68,111960.9,112376.01
BTC/USD,2025-10-15 06:45:00,112376.01,112565.29,112353.61,112515.72
BTC/USD,2025-10-15 07:00:00,112514.69,112675.59,112273.93,112549.18
BTC/USD,2025-10-15 07:15:00,112549.18,112755.54,112414.73,112414.73
BTC/USD,2025-10-15 07:30:00,112414.72,112550.42,112386.57,112492.18
BTC/USD,2025-10-15 07:45:00,112492.18,112672.5,112441.07,112642.34
BTC/USD,2025-10-15 08:00:00,112633.69,112977.91,112585.21,112961.84
BTC/USD,2025-10-15 08:15:00,112961.84,113226.85,112907.52,113182.08
BTC/USD,2025-10-15 08:30:00,113182.07,113564.0,113160.97,113273.59
BTC/USD,2025-10-15 08:45:00,113273.6,113279.53,112944.95,113013.13
BTC/USD,2025-10-15 09:00:00,113013.12,113189.11,112872.33,113022.1
BTC/USD,2025-10-15 09:15:00,113022.1,113046.94,112548.49,112666.83
BTC/USD,2025-10-15 09:30:00,112665.16,112731.25,112449.92,112611.76
BTC/USD,2025-10-15 09:45:00,112611.76,112780.79,112464.01,112618.04
BTC/USD,2025-10-15 10:00:00,112618.04,112721.01,112379.53,112644.04
BTC/USD,2025-10-15 10:15:00,112644.03,112668.15,112376.01,112475.8
BTC/USD,2025-10-15 10:30:00,112469.62,112553.92,112147.21,112408.84
BTC/USD,2025-10-15 10:45:00,112407.1,112476.77,112230.52,112346.01
BTC/USD,2025-10-15 11:00:00,112339.84,112697.67,112318.9,112353.02
BTC/USD,2025-10-15 11:15:00,112353.02,112379.52,111747.77,112140.27
BTC/USD,2025-10-15 11:30:00,112140.26,112216.73,111968.1,112198.0
BTC/USD,2025-10-15 11:45:00,112198.16,112203.14,111946.69,112000.01
BTC/USD,2025-10-15 12:00:00,112000.0,112184.57,111868.01,112073.18
BTC/USD,2025-10-15 12:15:00,112073.18,112117.81,111446.0,111572.0
BTC/USD,2025-10-15 12:30:00,111566.01,111785.97,111472.19,111688.03
BTC/USD,2025-10-15 12:45:00,111682.88,111912.3,111636.01,111790.38
BTC/USD,2025-10-15 13:00:00,111790.37,111790.37,111438.99,111559.85
BTC/USD,2025-10-15 13:15:00,111559.45,111707.79,111472.01,111519.99
BTC/USD,2025-10-15 13:30:00,111516.0,112088.1,111267.47,111399.81
BTC/USD,2025-10-15 13:45:00,111399.81,111575.95,110800.0,111460.64
BTC/USD,2025-10-15 14:00:00,111461.2,112322.49,111449.03,112117.12
BTC/USD,2025-10-15 14:15:00,112119.92,112282.34,111892.48,112011.25
BTC/USD,2025-10-15 14:30:00,112011.25,112033.02,111289.82,111385.98
BTC/USD,2025-10-15 14:45:00,111385.99,111422.74,110890.02,111146.5
BTC/USD,2025-10-15 15:00:00,111143.83,111365.44,110811.49,110916.89
BTC/USD,2025-10-15 15:15:00,110916.9,111662.28,110635.55,111258.01
BTC/USD,2025-10-15 15:30:00,111259.15,111448.16,110643.01,110794.53
BTC/USD,2025-10-15 15:45:00,110794.53,110876.73,110429.41,110867.71
BTC/USD,2025-10-15 16:00:00,110864.01,111200.0,110664.87,110988.44
BTC/USD,2025-10-15 16:15:00,110991.99,111137.99,110756.26,111038.34
BTC/USD,2025-10-15 16:30:00,111038.35,111107.38,110681.93,110760.16
BTC/USD,2025-10-15 16:45:00,110760.16,110924.0,110656.0,110809.96
BTC/USD,2025-10-15 17:00:00,110809.96,110827.5,110282.82,110314.47
BTC/USD,2025-10-15 17:15:00,110314.47,110711.08,110185.87,110462.83
BTC/USD,2025-10-15 17:30:00,110461.16,110795.06,110282.0,110771.99
BTC/USD,2025-10-15 17:45:00,110771.98,111249.57,110771.98,111238.18
BTC/USD,2025-10-15 18:00:00,111233.16,111250.96,110866.77,111032.27
BTC/USD,2025-10-15 18:15:00,111031.81,111435.11,111017.31,111267.35
BTC/USD,2025-10-15 18:30:00,111267.35,111372.27,111037.39,111208.07
BTC/USD,2025-10-15 18:45:00,111208.06,111558.99,111117.46,111480.75
BTC/USD,2025-10-15 19:00:00,111484.21,111505.72,111142.81,111274.11
BTC/USD,2025-10-15 19:15:00,111274.12,111613.54,111235.73,111539.37
BTC/USD,2025-10-15 19:30:00,111541.99,111590.12,111161.85,111350.95
BTC/USD,2025-10-15 19:45:00,111350.96,111359.32,111127.75,111318.21
BTC/USD,2025-10-15 20:00:00,111313.45,111547.99,111312.02,111459.54
BTC/USD,2025-10-15 20:15:00,111460.57,111615.99,111060.03,111109.96
BTC/USD,2025-10-15 20:30:00,111109.96,111403.84,110565.5,111325.51
BTC/USD,2025-10-15 20:45:00,111325.52,111495.36,111087.59,111162.87
BTC/USD,2025-10-15 21:00:00,111162.86,111217.05,110530.36,110848.63
BTC/USD,2025-10-15 21:15:00,110848.63,111149.11,110620.23,111009.99
BTC/USD,2025-10-15 21:30:00,111012.55,111474.1,110826.54,111148.45
BTC/USD,2025-10-15 21:45:00,111148.45,111243.22,110726.69,110886.78
BTC/USD,2025-10-15 22:00:00,110886.78,111123.77,110855.98,111109.57
BTC/USD,2025-10-15 22:15:00,111109.57,111434.12,111078.0,111219.75
BTC/USD,2025-10-15 22:30:00,111219.75,111358.66,111198.02,111243.46
BTC/USD,2025-10-15 22:45:00,111243.46,111243.68,110702.67,110709.88
BTC/USD,2025-10-15 23:00:00,110709.88,110997.04,110616.69,110959.5
BTC/USD,2025-10-15 23:15:00,110894.39,110933.51,110854.8,110867.99
BTC/USD,2025-10-15 23:30:00,110932.01,111058.84,110854.21,110984.22
BTC/USD,2025-10-15 23:45:00,110984.21,111002.0,110672.73,110804.12
BTC/USD,2025-10-16 00:00:00,110804.11,110912.72,110588.0,110590.6
BTC/USD,2025-10-16 00:15:00,110588.06,110904.58,110542.83,110839.8
BTC/USD,2025-10-16 00:30:00,110839.79,110839.79,110402.43,110423.0
BTC/USD,2025-10-16 00:45:00,110422.98,110605.34,110400.02,110482.33
BTC/USD,2025-10-16 01:00:00,110482.32,111159.96,110470.13,111053.38
BTC/USD,2025-10-16 01:15:00,111053.38,111096.15,110754.01,110936.21
BTC/USD,2025-10-16 01:30:00,110936.98,111177.58,110854.05,111068.85
BTC/USD,2025-10-16 01:45:00,111068.86,111400.73,110960.0,111347.21
BTC/USD,2025-10-16 02:00:00,111353.64,111618.27,111052.38,111391.92
BTC/USD,2025-10-16 02:15:00,111391.9,111522.0,111338.58,111454.04
BTC/USD,2025-10-16 02:30:00,111454.04,111487.99,111318.51,111395.5
BTC/USD,2025-10-16 02:45:00,111398.81,111605.99,111352.44,111566.07
BTC/USD,2025-10-16 03:00:00,111566.06,111662.27,111454.0,111537.18
BTC/USD,2025-10-16 03:15:00,111537.19,111905.84,111479.15,111772.0
BTC/USD,2025-10-16 03:30:00,111776.02,111783.16,111450.0,111620.5
BTC/USD,2025-10-16 03:45:00,111620.5,111683.94,111300.46,111383.51
BTC/USD,2025-10-16 04:00:00,111383.76,111705.75,111355.36,111634.95
BTC/USD,2025-10-16 04:15:00,111634.94,111725.91,111572.03,111596.58
BTC/USD,2025-10-16 04:30:00,111596.58,111641.95,110984.0,111049.67
BTC/USD,2025-10-16 04:45:00,111049.68,111167.76,110852.76,111017.55
BTC/USD,2025-10-16 05:00:00,111017.55,111223.12,110947.02,111171.55
BTC/USD,2025-10-16 05:15:00,111171.55,111209.95,110995.36,111102.66
BTC/USD,2025-10-16 05:30:00,111102.68,111520.52,111102.68,111391.35
BTC/USD,2025-10-16 05:45:00,111391.35,111411.25,110765.44,110998.92
BTC/USD,2025-10-16 06:00:00,110998.91,111242.13,110972.13,110982.96
BTC/USD,2025-10-16 06:15:00,110982.97,111369.08,110957.09,111352.86
BTC/USD,2025-10-16 06:30:00,111355.98,111574.93,111342.0,111382.0
BTC/USD,2025-10-16 06:45:00,111383.44,111763.93,111383.44,111707.26
BTC/USD,2025-10-16 07:00:00,111707.26,111810.02,111232.4,111417.76
BTC/USD,2025-10-16 07:15:00,111417.77,111417.77,110500.0,110785.01
BTC/USD,2025-10-16 07:30:00,110785.01,110974.99,110750.08,110937.74
BTC/USD,2025-10-16 07:45:00,110937.83,110937.83,110499.99,110575.99
BTC/USD,2025-10-16 08:00:00,110578.02,110686.79,110386.14,110683.12
BTC/USD,2025-10-16 08:15:00,110684.99,110778.05,110522.0,110582.02
BTC/USD,2025-10-16 08:30:00,110583.57,110884.35,110525.0,110750.13
BTC/USD,2025-10-16 08:45:00,110750.12,110937.73,110710.0,110845.01
BTC/USD,2025-10-16 09:00:00,110845.0,110993.36,110770.28,110874.0
BTC/USD,2025-10-16 09:15:00,110874.0,110955.68,110701.6,110701.61
BTC/USD,2025-10-16 09:30:00,110701.61,111429.59,108500.0,111220.96
BTC/USD,2025-10-16 09:45:00,111220.0,111695.0,111015.01,111185.99
BTC/USD,2025-10-16 10:00:00,111180.9,111548.5,111051.29,111419.99
BTC/USD,2025-10-16 10:15:00,111419.99,111750.0,111350.01,111390.0
BTC/USD,2025-10-16 10:30:00,111390.0,111536.72,111290.01,111476.0
BTC/USD,2025-10-16 10:45:00,111476.0,111687.69,111468.0,111500.69
BTC/USD,2025-10-16 11:00:00,111500.7,111600.0,111251.25,111455.0
BTC/USD,2025-10-16 11:15:00,111454.99,111507.13,111102.01,111156.32
BTC/USD,2025-10-16 11:30:00,111155.76,111323.6,111035.01,111190.32
BTC/USD,2025-10-16 11:45:00,111190.94,111466.02,111115.0,111443.19
BTC/USD,2025-10-16 12:00:00,111446.59,112021.07,111435.01,111565.0
BTC/USD,2025-10-16 12:15:00,111565.01,111710.8,111372.96,111454.99
BTC/USD,2025-10-16 12:30:00,111455.0,111717.72,111322.3,111556.0
BTC/USD,2025-10-16 12:45:00,111556.0,111670.93,111430.0,111560.01
BTC/USD,2025-10-16 13:00:00,111560.01,111598.79,111182.49,111339.6
BTC/USD,2025-10-16 13:15:00,111339.6,111347.56,110904.03,111192.28
BTC/USD,2025-10-16 13:30:00,111192.28,111547.33,111117.23,111363.49
BTC/USD,2025-10-16 13:45:00,111367.98,111489.39,110710.48,110891.39
BTC/USD,2025-10-16 14:00:00,110895.93,110979.99,110230.0,110257.7
BTC/USD,2025-10-16 14:15:00,110257.83,110520.0,109761.89,110378.4
BTC/USD,2025-10-16 14:30:00,110378.4,111478.0,110378.4,111400.01
BTC/USD,2025-10-16 14:45:00,111400.01,111469.68,110519.01,110577.05
BTC/USD,2025-10-16 15:00:00,110577.06,110804.54,110189.83,110640.0
BTC/USD,2025-10-16 15:15:00,110639.99,110684.69,109901.82,110096.0
BTC/USD,2025-10-16 15:30:00,110095.99,110218.1,108995.9,109270.02
BTC/USD,2025-10-16 15:45:00,109270.01,109312.0,108379.85,108591.19
BTC/USD,2025-10-16 16:00:00,108586.0,108850.0,108213.05,108705.01
BTC/USD,2025-10-16 16:15:00,108605.97,108850.0,108006.0,108111.36
BTC/USD,2025-10-16 16:30:00,108175.07,108175.21,107600.37,107604.97
BTC/USD,2025-10-16 16:45:00,108134.6,109322.49,107968.65,109294.03
BTC/USD,2025-10-16 17:00:00,109290.02,109300.0,108384.85,108544.4
BTC/USD,2025-10-16 17:15:00,108544.4,109237.99,108520.0,109105.03
BTC/USD,2025-10-16 17:30:00,108862.15,109005.98,108695.01,108832.02
BTC/USD,2025-10-16 17:45:00,108580.96,108647.37,108249.99,108315.73
BTC/USD,2025-10-16 18:00:00,108319.4,108340.0,107912.46,107983.98
BTC/USD,2025-10-16 18:15:00,107942.02,108178.0,107710.21,107982.02
BTC/USD,2025-10-16 18:30:00,107909.99,108404.0,107873.39,108368.01
BTC/USD,2025-10-16 18:45:00,108511.2,108725.99,108265.72,108706.01
BTC/USD,2025-10-16 19:00:00,108702.98,108813.34,108079.62,108112.04
BTC/USD,2025-10-16 19:15:00,108112.04,108254.95,107742.0,107980.0
BTC/USD,2025-10-16 19:30:00,107980.01,108124.86,107721.36,108026.01
BTC/USD,2025-10-16 19:45:00,108054.46,108618.14,107874.01,108246.33
BTC/USD,2025-10-16 20:00:00,108249.4,108477.0,108036.0,108116.36
BTC/USD,2025-10-16 20:15:00,108116.36,108290.79,107825.01,108002.01
BTC/USD,2025-10-16 20:30:00,108002.67,108088.26,107464.53,107823.34
BTC/USD,2025-10-16 20:45:00,107823.09,108043.2,107592.39,107878.75
BTC/USD,2025-10-16 21:00:00,107872.76,108167.39,107603.0,108152.0
BTC/USD,2025-10-16 21:15:00,108145.01,108231.13,107953.87,108135.0
BTC/USD,2025-10-16 21:30:00,108135.0,108398.82,108125.77,108319.01
BTC/USD,2025-10-16 21:45:00,108319.54,108498.84,108229.24,108457.01
BTC/USD,2025-10-16 22:00:00,108459.98,108534.0,108105.84,108112.44
BTC/USD,2025-10-16 22:15:00,108112.44,108188.07,107984.04,108004.88
BTC/USD,2025-10-16 22:30:00,108004.87,108097.81,107902.05,107952.26
BTC/USD,2025-10-16 22:45:00,107952.27,108028.47,107787.9,107814.12
BTC/USD,2025-10-16 23:00:00,107814.12,108049.72,107750.01,107997.98
BTC/USD,2025-10-16 23:15:00,107997.97,108450.05,107997.97,108323.99
BTC/USD,2025-10-16 23:30:00,108323.75,108323.75,107975.09,108032.0
BTC/USD,2025-10-16 23:45:00,108031.99,108232.28,108019.26,108198.0
BTC/USD,2025-10-17 00:00:00,108197.99,108284.14,107915.07,108256.0
BTC/USD,2025-10-17 00:15:00,108255.58,108525.28,108215.44,108515.99
BTC/USD,2025-10-17 00:30:00,108515.98,108849.47,108319.71,108678.18
BTC/USD,2025-10-17 00:45:00,108683.81,108812.82,108560.72,108812.82
BTC/USD,2025-10-17 01:00:00,108813.81,109134.15,108768.72,109006.25
BTC/USD,2025-10-17 01:15:00,109010.02,109086.32,108763.82,108839.87
BTC/USD,2025-10-17 01:30:00,108839.87,108932.15,108653.69,108710.97
BTC/USD,2025-10-17 01:45:00,108710.97,108884.12,108527.29,108861.98
BTC/USD,2025-10-17 02:00:00,108855.11,108869.32,108423.46,108523.15
BTC/USD,2025-10-17 02:15:00,108527.73,108609.6,108411.47,108452.01
BTC/USD,2025-10-17 02:30:00,108452.01,108848.0,108420.0,108775.24
BTC/USD,2025-10-17 02:45:00,108777.9,109119.2,108756.87,109006.02
BTC/USD,2025-10-17 03:00:00,109006.02,109125.0,108936.24,109069.44
ETH/USD,2025-10-13 17:30:00,4168.83,4187.49,4161.62,4182.43
ETH/USD,2025-10-13 17:45:00,4183.49,4238.31,4170.26,4236.86
ETH/USD,2025-10-13 18:00:00,4232.54,4235.99,4200.0,4204.44
ETH/USD,2025-10-13 18:15:00,4206.2,4229.51,4206.2,4227.59
ETH/USD,2025-10-13 18:30:00,4227.27,4235.07,4216.94,4234.06
ETH/USD,2025-10-13 18:45:00,4234.77,4238.49,4214.13,4227.98
ETH/USD,2025-10-13 19:00:00,4227.55,4251.11,4223.27,4251.11
ETH/USD,2025-10-13 19:15:00,4251.11,4264.11,4241.05,4245.11
ETH/USD,2025-10-13 19:30:00,4247.38,4265.79,4243.88,4264.5
ETH/USD,2025-10-13 19:45:00,4265.96,4269.61,4246.03,4250.4
ETH/USD,2025-10-13 20:00:00,4250.21,4266.68,4248.94,4261.48
ETH/USD,2025-10-13 20:15:00,4260.14,4260.41,4244.51,4247.36
ETH/USD,2025-10-13 20:30:00,4249.13,4261.39,4242.96,4256.14
ETH/USD,2025-10-13 20:45:00,4256.89,4290.0,4256.45,4285.21
ETH/USD,2025-10-13 21:00:00,4284.17,4291.16,4266.36,4269.13
ETH/USD,2025-10-13 21:15:00,4266.19,4279.35,4264.06,4265.68
ETH/USD,2025-10-13 21:30:00,4264.47,4269.13,4260.0,4266.76
ETH/USD,2025-10-13 21:45:00,4262.69,4265.47,4254.4,4256.77
ETH/USD,2025-10-13 22:00:00,4257.27,4270.9,4254.24,4259.94
ETH/USD,2025-10-13 22:15:00,4260.61,4266.98,4251.02,4252.66
ETH/USD,2025-10-13 22:30:00,4252.28,4264.55,4250.78,4263.78
ETH/USD,2025-10-13 22:45:00,4263.09,4275.39,4261.14,4269.33
ETH/USD,2025-10-13 23:00:00,4269.74,4269.74,4253.39,4255.01
ETH/USD,2025-10-13 23:15:00,4254.68,4259.38,4247.55,4250.12
ETH/USD,2025-10-13 23:30:00,4249.62,4254.49,4235.0,4242.35
ETH/USD,2025-10-13 23:45:00,4242.58,4243.15,4234.05,4241.0
ETH/USD,2025-10-14 00:00:00,4241.0,4245.92,4234.95,4235.39
ETH/USD,2025-10-14 00:15:00,4235.27,4256.25,4235.27,4252.77
ETH/USD,2025-10-14 00:30:00,4249.2,4262.39,4243.8,4247.48
ETH/USD,2025-10-14 00:45:00,4247.09,4247.09,4227.05,4241.27
ETH/USD,2025-10-14 01:00:00,4240.29,4242.77,4204.07,4215.84
ETH/USD,2025-10-14 01:15:00,4217.06,4229.79,4214.7,4222.59
ETH/USD,2025-10-14 01:30:00,4223.65,4227.13,4214.67,4219.79
ETH/USD,2025-10-14 01:45:00,4218.88,4219.41,4202.64,4210.66
ETH/USD,2025-10-14 02:00:00,4210.31,4210.69,4193.37,4202.12
ETH/USD,2025-10-14 02:15:00,4201.12,4206.53,4183.3,4190.04
ETH/USD,2025-10-14 02:30:00,4190.1,4198.06,4178.52,4182.04
ETH/USD,2025-10-14 02:45:00,4182.3,4185.0,4167.06,4172.37
ETH/USD,2025-10-14 03:00:00,4172.34,4172.84,4140.75,4152.77
ETH/USD,2025-10-14 03:15:00,4152.36,4163.76,4137.22,4140.01
ETH/USD,2025-10-14 03:30:00,4140.28,4155.48,4137.79,4153.43
ETH/USD,2025-10-14 03:45:00,4154.46,4164.95,4152.89,4154.04
ETH/USD,2025-10-14 04:00:00,4152.93,4159.09,4139.76,4150.62
ETH/USD,2025-10-14 04:15:00,4149.86,4157.94,4141.16,4154.38
ETH/USD,2025-10-14 04:30:00,4153.4,4153.4,4116.16,4123.47
ETH/USD,2025-10-14 04:45:00,4122.27,4122.27,4087.5,4100.65
ETH/USD,2025-10-14 05:00:00,4099.68,4126.25,4098.43,4120.42
ETH/USD,2025-10-14 05:15:00,4119.89,4119.89,4095.81,4100.31
ETH/USD,2025-10-14 05:30:00,4100.87,4103.9,4057.72,4061.27
ETH/USD,2025-10-14 05:45:00,4060.32,4074.37,4056.0,4069.65
ETH/USD,2025-10-14 06:00:00,4070.12,4090.5,4064.69,4064.99
ETH/USD,2025-10-14 06:15:00,4064.58,4072.61,4044.99,4044.99
ETH/USD,2025-10-14 06:30:00,4045.29,4059.75,3990.46,3992.99
ETH/USD,2025-10-14 06:45:00,3994.18,4015.25,3966.0,4004.58
ETH/USD,2025-10-14 07:00:00,4003.01,4018.42,3987.17,4007.17
ETH/USD,2025-10-14 07:15:00,4004.64,4025.55,3996.44,4016.98
ETH/USD,2025-10-14 07:30:00,4016.59,4017.57,3977.36,3987.02
ETH/USD,2025-10-14 07:45:00,3987.47,3987.57,3969.08,3981.24
ETH/USD,2025-10-14 08:00:00,3980.35,3991.08,3950.03,3987.73
ETH/USD,2025-10-14 08:15:00,3987.76,3993.39,3966.64,3993.36
ETH/USD,2025-10-14 08:30:00,3993.68,4011.4,3993.29,4006.43
ETH/USD,2025-10-14 08:45:00,4006.12,4006.93,3981.31,3996.75
ETH/USD,2025-10-14 09:00:00,3995.61,4006.31,3988.58,3995.74
ETH/USD,2025-10-14 09:15:00,3996.0,4009.71,3990.46,4000.03
ETH/USD,2025-10-14 09:30:00,3999.7,4013.76,3993.18,3997.72
ETH/USD,2025-10-14 09:45:00,3997.69,3998.51,3970.74,3985.95
ETH/USD,2025-10-14 10:00:00,3985.64,3985.91,3959.28,3965.03
ETH/USD,2025-10-14 10:15:00,3967.16,3968.34,3917.04,3920.25
ETH/USD,2025-10-14 10:30:00,3920.25,3939.83,3888.99,3929.29
ETH/USD,2025-10-14 10:45:00,3929.88,3946.78,3917.9,3941.25
ETH/USD,2025-10-14 11:00:00,3944.04,3982.44,3941.35,3976.17
ETH/USD,2025-10-14 11:15:00,3977.98,3981.99,3964.98,3968.99
ETH/USD,2025-10-14 11:30:00,3968.21,3984.82,3965.89,3969.64
ETH/USD,2025-10-14 11:45:00,3969.65,3982.99,3967.62,3971.35
ETH/USD,2025-10-14 12:00:00,3970.64,3972.97,3951.53,3968.86
ETH/USD,2025-10-14 12:15:00,3968.8,3968.8,3938.24,3951.63
ETH/USD,2025-10-14 12:30:00,3950.2,3952.93,3931.71,3942.42
ETH/USD,2025-10-14 12:45:00,3942.07,3963.3,3933.44,3940.43
ETH/USD,2025-10-14 13:00:00,3940.87,3948.49,3924.52,3939.24
ETH/USD,2025-10-14 13:15:00,3940.82,3954.63,3925.38,3948.78
ETH/USD,2025-10-14 13:30:00,3947.98,3967.96,3895.06,3938.39
ETH/USD,2025-10-14 13:45:00,3937.99,3976.18,3928.11,3956.26
ETH/USD,2025-10-14 14:00:00,3956.76,3984.17,3941.14,3984.17
ETH/USD,2025-10-14 14:15:00,3983.64,4018.05,3969.33,3978.5
ETH/USD,2025-10-14 14:30:00,3977.8,4000.0,3953.8,3989.95
ETH/USD,2025-10-14 14:45:00,3989.99,4011.1,3969.49,3969.95
ETH/USD,2025-10-14 15:00:00,3970.91,3995.57,3961.55,3963.7
ETH/USD,2025-10-14 15:15:00,3964.23,3985.14,3951.63,3981.35
ETH/USD,2025-10-14 15:30:00,3981.36,4031.74,3980.38,4023.98
ETH/USD,2025-10-14 15:45:00,4026.16,4089.38,4026.16,4086.65
ETH/USD,2025-10-14 16:00:00,4088.56,4101.96,4059.37,4092.49
ETH/USD,2025-10-14 16:15:00,4093.16,4163.44,4089.56,4133.43
ETH/USD,2025-10-14 16:30:00,4133.11,4143.75,4110.19,4129.54
ETH/USD,2025-10-14 16:45:00,4130.26,4149.15,4078.04,4095.59
ETH/USD,2025-10-14 17:00:00,4095.65,4135.74,4045.9,4123.48
ETH/USD,2025-10-14 17:15:00,4123.48,4140.27,4111.11,4133.09
ETH/USD,2025-10-14 17:30:00,4122.14,4133.01,4092.23,4110.89
ETH/USD,2025-10-14 17:45:00,4112.0,4122.02,4099.3,4099.69
ETH/USD,2025-10-14 18:00:00,4102.1,4133.01,4097.27,4130.3
ETH/USD,2025-10-14 18:15:00,4130.31,4137.07,4112.1,4118.39
ETH/USD,2025-10-14 18:30:00,4115.3,4126.53,4093.51,4104.05
ETH/USD,2025-10-14 18:45:00,4102.06,4128.4,4102.06,4120.41
ETH/USD,2025-10-14 19:00:00,4119.69,4129.57,4114.74,4128.65
ETH/USD,2025-10-14 19:15:00,4129.54,4146.84,4125.89,4132.05
ETH/USD,2025-10-14 19:30:00,4130.34,4133.72,4048.14,4054.33
ETH/USD,2025-10-14 19:45:00,4056.99,4120.05,4051.78,4102.48
ETH/USD,2025-10-14 20:00:00,4103.87,4113.68,4072.92,4087.46
ETH/USD,2025-10-14 20:15:00,4086.9,4114.87,4086.75,4106.48
ETH/USD,2025-10-14 20:30:00,4105.23,4125.38,4099.12,4122.63
ETH/USD,2025-10-14 20:45:00,4122.63,4122.63,4113.27,4117.69
ETH/USD,2025-10-14 21:00:00,4117.55,4122.52,4092.71,4093.8
ETH/USD,2025-10-14 21:15:00,4097.96,4113.53,4097.51,4113.53
ETH/USD,2025-10-14 21:30:00,4111.66,4117.95,4100.45,4108.64
ETH/USD,2025-10-14 21:45:00,4108.64,4122.03,4104.06,4118.22
ETH/USD,2025-10-14 22:00:00,4118.82,4140.95,4118.82,4130.14
ETH/USD,2025-10-14 22:15:00,4130.14,4130.14,4120.72,4122.36
ETH/USD,2025-10-14 22:30:00,4122.36,4122.36,4109.66,4111.53
ETH/USD,2025-10-14 22:45:00,4112.95,4120.45,4101.27,4120.45
ETH/USD,2025-10-14 23:00:00,4118.07,4143.89,4116.85,4138.98
ETH/USD,2025-10-14 23:15:00,4140.25,4142.43,4132.53,4136.84
ETH/USD,2025-10-14 23:30:00,4138.05,4142.29,4134.25,4134.25
ETH/USD,2025-10-14 23:45:00,4134.26,4138.89,4121.31,4124.6
ETH/USD,2025-10-15 00:00:00,4123.11,4131.63,4110.77,4114.18
ETH/USD,2025-10-15 00:15:00,4114.54,4118.08,4097.73,4103.94
ETH/USD,2025-10-15 00:30:00,4103.8,4113.62,4093.28,4100.52
ETH/USD,2025-10-15 00:45:00,4103.87,4122.08,4103.87,4122.08
ETH/USD,2025-10-15 01:00:00,4118.89,4120.18,4087.13,4100.85
ETH/USD,2025-10-15 01:15:00,4100.59,4102.02,4085.0,4086.92
ETH/USD,2025-10-15 01:30:00,4085.06,4095.54,4082.88,4094.03
ETH/USD,2025-10-15 01:45:00,4097.88,4118.72,4091.44,4114.12
ETH/USD,2025-10-15 02:00:00,4113.84,4124.52,4107.18,4124.04
ETH/USD,2025-10-15 02:15:00,4124.3,4143.55,4120.54,4142.16
ETH/USD,2025-10-15 02:30:00,4141.94,4145.28,4122.46,4122.46
ETH/USD,2025-10-15 02:45:00,4123.81,4130.48,4116.53,4118.3
ETH/USD,2025-10-15 03:00:00,4118.37,4122.5,4095.66,4101.63
ETH/USD,2025-10-15 03:15:00,4101.05,4104.31,4083.8,4096.77
ETH/USD,2025-10-15 03:30:00,4095.79,4096.72,4069.71,4077.87
ETH/USD,2025-10-15 03:45:00,4074.83,4085.35,4064.07,4081.6
ETH/USD,2025-10-15 04:00:00,4082.23,4089.28,4072.53,4086.94
ETH/USD,2025-10-15 04:15:00,4086.82,4109.58,4086.82,4101.63
ETH/USD,2025-10-15 04:30:00,4104.54,4105.33,4093.9,4102.72
ETH/USD,2025-10-15 04:45:00,4102.18,4124.1,4099.38,4115.41
ETH/USD,2025-10-15 05:00:00,4115.87,4122.72,4112.64,4117.92
ETH/USD,2025-10-15 05:15:00,4117.75,4124.86,4103.9,4106.35
ETH/USD,2025-10-15 05:30:00,4105.71,4116.14,4095.47,4110.43
ETH/USD,2025-10-15 05:45:00,4109.76,4112.05,4099.5,4110.41
ETH/USD,2025-10-15 06:00:00,4110.42,4118.78,4090.04,4098.93
ETH/USD,2025-10-15 06:15:00,4101.22,4102.52,4078.6,4078.6
ETH/USD,2025-10-15 06:30:00,4081.85,4123.2,4076.91,4110.92
ETH/USD,2025-10-15 06:45:00,4110.6,4120.16,4106.22,4118.01
ETH/USD,2025-10-15 07:00:00,4118.04,4122.42,4104.01,4117.63
ETH/USD,2025-10-15 07:15:00,4119.3,4128.22,4113.52,4113.52
ETH/USD,2025-10-15 07:30:00,4112.42,4117.66,4106.65,4114.65
ETH/USD,2025-10-15 07:45:00,4113.42,4123.07,4110.94,4121.45
ETH/USD,2025-10-15 08:00:00,4120.73,4137.92,4119.15,4136.08
ETH/USD,2025-10-15 08:15:00,4136.97,4175.39,4130.97,4171.36
ETH/USD,2025-10-15 08:30:00,4172.88,4215.0,4171.9,4192.83
ETH/USD,2025-10-15 08:45:00,4192.63,4193.13,4178.21,4180.37
ETH/USD,2025-10-15 09:00:00,4180.51,4186.49,4170.09,4176.94
ETH/USD,2025-10-15 09:15:00,4177.24,4179.54,4146.42,4152.11
ETH/USD,2025-10-15 09:30:00,4152.17,4164.6,4138.06,4160.58
ETH/USD,2025-10-15 09:45:00,4160.07,4167.85,4147.53,4154.83
ETH/USD,2025-10-15 10:00:00,4155.06,4156.06,4143.73,4154.59
ETH/USD,2025-10-15 10:15:00,4153.86,4153.86,4116.91,4126.75
ETH/USD,2025-10-15 10:30:00,4126.57,4130.96,4111.85,4121.98
ETH/USD,2025-10-15 10:45:00,4120.88,4126.51,4117.24,4118.26
ETH/USD,2025-10-15 11:00:00,4117.19,4129.39,4111.19,4114.26
ETH/USD,2025-10-15 11:15:00,4114.3,4114.62,4084.65,4104.72
ETH/USD,2025-10-15 11:30:00,4103.56,4115.04,4097.61,4114.9
ETH/USD,2025-10-15 11:45:00,4114.29,4114.36,4095.66,4099.65
ETH/USD,2025-10-15 12:00:00,4099.35,4107.03,4090.0,4101.22
ETH/USD,2025-10-15 12:15:00,4101.22,4106.56,4071.18,4076.24
ETH/USD,2025-10-15 12:30:00,4078.58,4088.54,4075.77,4084.49
ETH/USD,2025-10-15 12:45:00,4085.33,4096.33,4082.31,4095.17
ETH/USD,2025-10-15 13:00:00,4094.14,4094.4,4069.39,4071.52
ETH/USD,2025-10-15 13:15:00,4071.25,4086.7,4068.1,4078.19
ETH/USD,2025-10-15 13:30:00,4078.01,4103.66,4057.36,4077.91
ETH/USD,2025-10-15 13:45:00,4079.61,4085.18,4020.0,4053.52
ETH/USD,2025-10-15 14:00:00,4056.01,4105.51,4054.54,4089.61
ETH/USD,2025-10-15 14:15:00,4090.62,4100.41,4073.73,4079.88
ETH/USD,2025-10-15 14:30:00,4080.79,4080.79,4033.33,4039.62
ETH/USD,2025-10-15 14:45:00,4039.98,4039.98,3990.42,4010.21
ETH/USD,2025-10-15 15:00:00,4009.16,4021.56,3989.66,4004.33
ETH/USD,2025-10-15 15:15:00,4007.11,4035.65,3993.47,4010.18
ETH/USD,2025-10-15 15:30:00,4008.69,4017.09,3976.0,3984.04
ETH/USD,2025-10-15 15:45:00,3983.98,3983.98,3959.9,3980.68
ETH/USD,2025-10-15 16:00:00,3982.27,3992.48,3967.23,3987.38
ETH/USD,2025-10-15 16:15:00,3983.7,4003.06,3975.05,3996.35
ETH/USD,2025-10-15 16:30:00,3994.56,3998.08,3981.2,3985.8
ETH/USD,2025-10-15 16:45:00,3983.92,3994.75,3975.03,3976.63
ETH/USD,2025-10-15 17:00:00,3975.4,3975.4,3936.96,3938.51
ETH/USD,2025-10-15 17:15:00,3937.92,3956.91,3930.0,3947.18
ETH/USD,2025-10-15 17:30:00,3947.04,3971.58,3936.91,3967.72
ETH/USD,2025-10-15 17:45:00,3969.44,3994.39,3969.44,3993.92
ETH/USD,2025-10-15 18:00:00,3993.01,3995.58,3970.68,3981.99
ETH/USD,2025-10-15 18:15:00,3983.4,4005.59,3982.61,3994.04
ETH/USD,2025-10-15 18:30:00,3992.78,3998.9,3979.87,3988.14
ETH/USD,2025-10-15 18:45:00,3988.65,4013.52,3984.57,4008.27
ETH/USD,2025-10-15 19:00:00,4007.9,4009.01,3981.3,3991.81
ETH/USD,2025-10-15 19:15:00,3991.28,4009.81,3986.38,4002.53
ETH/USD,2025-10-15 19:30:00,4002.27,4007.04,3980.97,3994.59
ETH/USD,2025-10-15 19:45:00,3994.61,3994.9,3971.11,3983.0
ETH/USD,2025-10-15 20:00:00,3983.69,3996.39,3982.41,3985.22
ETH/USD,2025-10-15 20:15:00,3984.27,3995.01,3958.03,3959.91
ETH/USD,2025-10-15 20:30:00,3960.3,3985.53,3938.15,3983.69
ETH/USD,2025-10-15 20:45:00,3983.44,3984.67,3961.46,3961.57
ETH/USD,2025-10-15 21:00:00,3962.08,3974.32,3927.01,3957.0
ETH/USD,2025-10-15 21:15:00,3956.99,3976.55,3944.64,3972.91
ETH/USD,2025-10-15 21:30:00,3973.31,3981.92,3965.78,3970.28
ETH/USD,2025-10-15 21:45:00,3971.75,3972.47,3939.73,3953.15
ETH/USD,2025-10-15 22:00:00,3954.46,3970.76,3952.67,3970.75
ETH/USD,2025-10-15 22:15:00,3971.26,3977.1,3963.76,3965.7
ETH/USD,2025-10-15 22:30:00,3966.14,3979.82,3965.32,3976.18
ETH/USD,2025-10-15 22:45:00,3975.65,3976.18,3953.63,3961.26
ETH/USD,2025-10-15 23:00:00,3963.63,3976.14,3956.61,3976.14
ETH/USD,2025-10-15 23:15:00,3979.58,3985.02,3968.69,3980.76
ETH/USD,2025-10-15 23:30:00,3980.75,3994.1,3977.64,3989.69
ETH/USD,2025-10-15 23:45:00,3986.88,3987.63,3980.0,3983.14
ETH/USD,2025-10-16 00:00:00,3987.22,3994.49,3977.49,3977.51
ETH/USD,2025-10-16 00:15:00,3977.74,3997.38,3977.44,3994.89
ETH/USD,2025-10-16 00:30:00,3994.73,3994.73,3979.58,3982.08
ETH/USD,2025-10-16 00:45:00,3982.96,3988.93,3979.71,3981.72
ETH/USD,2025-10-16 01:00:00,3980.9,4011.35,3980.9,4000.38
ETH/USD,2025-10-16 01:15:00,4000.39,4002.62,3988.7,3995.21
ETH/USD,2025-10-16 01:30:00,3994.36,4004.78,3991.18,3998.78
ETH/USD,2025-10-16 01:45:00,3998.29,4011.77,3994.1,4009.66
ETH/USD,2025-10-16 02:00:00,4010.41,4035.99,4000.33,4018.43
ETH/USD,2025-10-16 02:15:00,4018.25,4026.03,4016.67,4024.72
ETH/USD,2025-10-16 02:30:00,4025.21,4026.11,4012.21,4015.19
ETH/USD,2025-10-16 02:45:00,4015.99,4033.53,4015.99,4030.92
ETH/USD,2025-10-16 03:00:00,4031.43,4036.23,4023.15,4024.04
ETH/USD,2025-10-16 03:15:00,4025.05,4036.12,4021.11,4031.38
ETH/USD,2025-10-16 03:30:00,4030.59,4030.59,4023.21,4026.76
ETH/USD,2025-10-16 03:45:00,4026.19,4027.16,4011.68,4013.85
ETH/USD,2025-10-16 04:00:00,4014.48,4027.84,4012.63,4025.85
ETH/USD,2025-10-16 04:15:00,4026.13,4030.34,4023.5,4025.01
ETH/USD,2025-10-16 04:30:00,4025.0,4026.76,4006.34,4007.19
ETH/USD,2025-10-16 04:45:00,4007.47,4009.77,3993.02,3997.93
ETH/USD,2025-10-16 05:00:00,3999.53,4005.47,3990.93,4003.93
ETH/USD,2025-10-16 05:15:00,4003.93,4006.07,3995.44,3998.71
ETH/USD,2025-10-16 05:30:00,3998.97,4019.03,3998.97,4016.94
ETH/USD,2025-10-16 05:45:00,4016.94,4018.24,3979.59,3996.95
ETH/USD,2025-10-16 06:00:00,3997.17,4012.75,3994.94,4001.82
ETH/USD,2025-10-16 06:15:00,4001.24,4017.31,4000.13,4017.31
ETH/USD,2025-10-16 06:30:00,4018.22,4030.24,4018.22,4020.03
ETH/USD,2025-10-16 06:45:00,4021.18,4049.52,4021.18,4042.74
ETH/USD,2025-10-16 07:00:00,4043.52,4044.3,4026.42,4033.12
ETH/USD,2025-10-16 07:15:00,4032.47,4032.47,4002.36,4002.36
ETH/USD,2025-10-16 07:30:00,4002.45,4009.95,3998.9,4007.68
ETH/USD,2025-10-16 07:45:00,4007.64,4010.97,3994.21,4004.53
ETH/USD,2025-10-16 08:00:00,4004.01,4006.3,3991.47,4005.52
ETH/USD,2025-10-16 08:15:00,4003.57,4006.61,3994.15,3995.33
ETH/USD,2025-10-16 08:30:00,3995.35,4001.2,3981.65,3991.5
ETH/USD,2025-10-16 08:45:00,3990.83,3996.65,3987.58,3994.29
ETH/USD,2025-10-16 09:00:00,3994.28,4006.71,3990.89,3998.76
ETH/USD,2025-10-16 09:15:00,4001.74,4003.54,3987.69,3987.93
ETH/USD,2025-10-16 09:30:00,3987.53,4027.2,3941.0,4019.82
ETH/USD,2025-10-16 09:45:00,4020.53,4048.0,4015.42,4030.74
ETH/USD,2025-10-16 10:00:00,4031.84,4067.07,4029.57,4055.59
ETH/USD,2025-10-16 10:15:00,4059.31,4077.47,4048.13,4049.96
ETH/USD,2025-10-16 10:30:00,4050.0,4058.93,4044.85,4054.66
ETH/USD,2025-10-16 10:45:00,4056.05,4059.83,4046.34,4048.78
ETH/USD,2025-10-16 11:00:00,4047.51,4055.07,4037.28,4048.08
ETH/USD,2025-10-16 11:15:00,4048.08,4051.68,4034.85,4038.92
ETH/USD,2025-10-16 11:30:00,4038.23,4055.66,4033.01,4054.01
ETH/USD,2025-10-16 11:45:00,4051.89,4062.12,4049.71,4061.9
ETH/USD,2025-10-16 12:00:00,4062.03,4084.42,4047.34,4047.34
ETH/USD,2025-10-16 12:15:00,4048.13,4055.35,4040.43,4045.41
ETH/USD,2025-10-16 12:30:00,4045.84,4058.88,4039.49,4052.83
ETH/USD,2025-10-16 12:45:00,4052.32,4060.54,4048.29,4053.76
ETH/USD,2025-10-16 13:00:00,4053.64,4055.98,4043.48,4049.94
ETH/USD,2025-10-16 13:15:00,4048.69,4054.15,4034.02,4044.67
ETH/USD,2025-10-16 13:30:00,4044.67,4067.79,4040.76,4051.87
ETH/USD,2025-10-16 13:45:00,4053.0,4058.91,4006.7,4025.0
ETH/USD,2025-10-16 14:00:00,4021.7,4025.78,3983.4,3986.94
ETH/USD,2025-10-16 14:15:00,3985.48,4000.0,3969.77,3995.91
ETH/USD,2025-10-16 14:30:00,3998.21,4058.0,3995.96,4055.63
ETH/USD,2025-10-16 14:45:00,4055.13,4055.13,4011.74,4015.08
ETH/USD,2025-10-16 15:00:00,4013.37,4018.21,3985.71,4011.58
ETH/USD,2025-10-16 15:15:00,4014.12,4014.12,3972.29,3977.77
ETH/USD,2025-10-16 15:30:00,3976.55,3985.5,3945.01,3954.86
ETH/USD,2025-10-16 15:45:00,3952.25,3952.25,3891.31,3906.19
ETH/USD,2025-10-16 16:00:00,3906.76,3910.0,3870.78,3898.17
ETH/USD,2025-10-16 16:15:00,3901.06,3910.47,3882.67,3882.89
ETH/USD,2025-10-16 16:30:00,3880.0,3880.0,3857.15,3863.5
ETH/USD,2025-10-16 16:45:00,3894.32,3966.88,3885.78,3963.51
ETH/USD,2025-10-16 17:00:00,3963.59,3963.59,3926.45,3930.42
ETH/USD,2025-10-16 17:15:00,3929.21,3936.8,3928.53,3933.87
ETH/USD,2025-10-16 17:30:00,3945.04,3954.01,3939.78,3945.21
ETH/USD,2025-10-16 17:45:00,3926.62,3934.56,3918.64,3918.64
ETH/USD,2025-10-16 18:00:00,3921.71,3921.71,3905.66,3906.16
ETH/USD,2025-10-16 18:15:00,3885.11,3885.11,3881.64,3884.64
ETH/USD,2025-10-16 18:30:00,3888.25,3895.04,3887.63,3891.19
ETH/USD,2025-10-16 18:45:00,3908.19,3918.75,3892.74,3904.46
ETH/USD,2025-10-16 19:00:00,3906.57,3912.62,3880.0,3882.68
ETH/USD,2025-10-16 19:15:00,3885.26,3888.28,3860.39,3875.97
ETH/USD,2025-10-16 19:30:00,3874.47,3876.51,3851.51,3862.75
ETH/USD,2025-10-16 19:45:00,3860.48,3890.76,3853.89,3869.04
ETH/USD,2025-10-16 20:00:00,3870.7,3880.12,3858.4,3861.39
ETH/USD,2025-10-16 20:15:00,3863.19,3871.29,3853.08,3858.88
ETH/USD,2025-10-16 20:30:00,3860.35,3860.9,3826.0,3848.41
ETH/USD,2025-10-16 20:45:00,3847.97,3864.45,3839.75,3850.36
ETH/USD,2025-10-16 21:00:00,3850.94,3862.9,3839.75,3862.9
ETH/USD,2025-10-16 21:15:00,3856.94,3873.01,3856.66,3868.66
ETH/USD,2025-10-16 21:30:00,3869.8,3879.74,3866.68,3870.8
ETH/USD,2025-10-16 21:45:00,3872.71,3885.3,3870.53,3885.29
ETH/USD,2025-10-16 22:00:00,3884.94,3888.88,3866.08,3866.08
ETH/USD,2025-10-16 22:15:00,3865.87,3877.15,3863.46,3872.95
ETH/USD,2025-10-16 22:30:00,3875.76,3880.07,3868.7,3869.64
ETH/USD,2025-10-16 22:45:00,3870.56,3878.47,3864.25,3865.14
ETH/USD,2025-10-16 23:00:00,3863.58,3884.48,3862.5,3880.19
ETH/USD,2025-10-16 23:15:00,3879.69,3897.95,3879.42,3893.34
ETH/USD,2025-10-16 23:30:00,3892.52,3896.54,3884.49,3886.14
ETH/USD,2025-10-16 23:45:00,3889.5,3895.55,3885.0,3893.29
ETH/USD,2025-10-17 00:00:00,3893.77,3905.26,3888.59,3903.25
ETH/USD,2025-10-17 00:15:00,3903.25,3915.05,3900.29,3915.05
ETH/USD,2025-10-17 00:30:00,3914.15,3926.08,3910.0,3921.1
ETH/USD,2025-10-17 00:45:00,3918.85,3927.16,3914.89,3927.16
ETH/USD,2025-10-17 01:00:00,3927.56,3951.96,3923.11,3935.3
ETH/USD,2025-10-17 01:15:00,3936.17,3942.34,3926.95,3930.42
ETH/USD,2025-10-17 01:30:00,3929.83,3933.7,3911.19,3918.67
ETH/USD,2025-10-17 01:45:00,3918.67,3922.56,3906.37,3921.22
ETH/USD,2025-10-17 02:00:00,3920.12,3924.94,3909.23,3916.05
ETH/USD,2025-10-17 02:15:00,3914.32,3914.56,3900.03,3902.17
ETH/USD,2025-10-17 02:30:00,3902.2,3924.4,3902.2,3922.69
ETH/USD,2025-10-17 02:45:00,3923.39,3930.75,3915.48,3922.3
ETH/USD,2025-10-17 03:00:00,3923.38,3931.68,3920.2,3925.35
LTC/USD,2025-10-13 17:30:00,98.79,99.34,98.71,99.04
LTC/USD,2025-10-13 17:45:00,99.04,99.79,98.57,99.73
LTC/USD,2025-10-13 18:00:00,99.72,99.84,99.12,99.32
LTC/USD,2025-10-13 18:15:00,99.32,100.05,99.18,99.93
LTC/USD,2025-10-13 18:30:00,99.93,100.04,99.56,99.77
LTC/USD,2025-10-13 18:45:00,99.77,99.84,99.15,99.23
LTC/USD,2025-10-13 19:00:00,99.22,99.76,98.83,99.74
LTC/USD,2025-10-13 19:15:00,99.73,100.17,99.58,99.86
LTC/USD,2025-10-13 19:30:00,99.85,100.24,99.81,100.17
LTC/USD,2025-10-13 19:45:00,100.17,100.45,99.84,100.22
LTC/USD,2025-10-13 20:00:00,100.23,100.36,99.84,100.16
LTC/USD,2025-10-13 20:15:00,100.16,100.57,99.95,100.45
LTC/USD,2025-10-13 20:30:00,100.44,100.64,100.06,100.47
LTC/USD,2025-10-13 20:45:00,100.46,101.25,100.45,101.2
LTC/USD,2025-10-13 21:00:00,101.2,101.25,100.58,100.83
LTC/USD,2025-10-13 21:15:00,100.82,101.34,100.43,100.49
LTC/USD,2025-10-13 21:30:00,100.5,100.5,99.95,100.04
LTC/USD,2025-10-13 21:45:00,100.04,100.35,99.73,100.26
LTC/USD,2025-10-13 22:00:00,100.26,100.54,99.81,99.99
LTC/USD,2025-10-13 22:15:00,100.0,100.87,99.93,100.48
LTC/USD,2025-10-13 22:30:00,100.48,100.62,100.34,100.45
LTC/USD,2025-10-13 22:45:00,100.45,100.51,99.97,100.14
LTC/USD,2025-10-13 23:00:00,100.13,100.25,99.66,100.14
LTC/USD,2025-10-13 23:15:00,100.14,100.3,99.87,99.93
LTC/USD,2025-10-13 23:30:00,99.93,100.07,99.27,99.43
LTC/USD,2025-10-13 23:45:00,99.43,99.57,99.11,99.45
LTC/USD,2025-10-14 00:00:00,99.46,99.66,98.87,99.19
LTC/USD,2025-10-14 00:15:00,99.2,100.04,99.12,99.99
LTC/USD,2025-10-14 00:30:00,99.98,100.55,99.85,100.15
LTC/USD,2025-10-14 00:45:00,100.14,100.21,99.6,100.21
LTC/USD,2025-10-14 01:00:00,100.2,100.45,99.34,99.52
LTC/USD,2025-10-14 01:15:00,99.51,99.6,99.27,99.43
LTC/USD,2025-10-14 01:30:00,99.43,99.64,99.23,99.45
LTC/USD,2025-10-14 01:45:00,99.45,99.51,98.82,98.99
LTC/USD,2025-10-14 02:00:00,98.99,99.0,98.58,98.65
LTC/USD,2025-10-14 02:15:00,98.64,98.98,98.2,98.77
LTC/USD,2025-10-14 02:30:00,98.78,99.17,98.67,98.75
LTC/USD,2025-10-14 02:45:00,98.75,100.01,98.37,99.12
LTC/USD,2025-10-14 03:00:00,99.12,99.25,98.54,98.89
LTC/USD,2025-10-14 03:15:00,98.89,99.09,97.83,97.87
LTC/USD,2025-10-14 03:30:00,97.87,98.35,97.79,97.8
LTC/USD,2025-10-14 03:45:00,97.81,98.3,97.79,98.2
LTC/USD,2025-10-14 04:00:00,98.2,98.38,97.3,97.86
LTC/USD,2025-10-14 04:15:00,97.86,97.95,97.46,97.69
LTC/USD,2025-10-14 04:30:00,97.69,97.7,96.81,96.99
LTC/USD,2025-10-14 04:45:00,96.98,97.11,96.28,96.75
LTC/USD,2025-10-14 05:00:00,96.75,97.61,96.59,97.28
LTC/USD,2025-10-14 05:15:00,97.27,98.0,96.66,96.69
LTC/USD,2025-10-14 05:30:00,96.7,96.76,95.12,95.42
LTC/USD,2025-10-14 05:45:00,95.43,95.75,95.24,95.57
LTC/USD,2025-10-14 06:00:00,95.57,96.03,95.54,95.65
LTC/USD,2025-10-14 06:15:00,95.64,95.75,94.81,94.91
LTC/USD,2025-10-14 06:30:00,94.92,95.36,93.37,93.5
LTC/USD,2025-10-14 06:45:00,93.5,94.18,91.85,93.7
LTC/USD,2025-10-14 07:00:00,93.69,94.21,93.07,93.79
LTC/USD,2025-10-14 07:15:00,93.79,94.38,93.33,93.85
LTC/USD,2025-10-14 07:30:00,93.85,93.86,92.8,93.31
LTC/USD,2025-10-14 07:45:00,93.3,93.72,93.06,93.69
LTC/USD,2025-10-14 08:00:00,93.68,94.07,92.95,93.8
LTC/USD,2025-10-14 08:15:00,93.8,94.13,93.2,93.99
LTC/USD,2025-10-14 08:30:00,93.99,94.61,93.83,94.44
LTC/USD,2025-10-14 08:45:00,94.43,94.52,93.87,94.32
LTC/USD,2025-10-14 09:00:00,94.31,94.78,94.21,94.47
LTC/USD,2025-10-14 09:15:00,94.48,94.94,94.41,94.71
LTC/USD,2025-10-14 09:30:00,94.72,95.0,94.66,94.71
LTC/USD,2025-10-14 09:45:00,94.7,94.78,93.64,94.05
LTC/USD,2025-10-14 10:00:00,94.05,94.09,93.3,93.59
LTC/USD,2025-10-14 10:15:00,93.59,93.61,92.68,93.01
LTC/USD,2025-10-14 10:30:00,93.0,93.33,91.85,92.73
LTC/USD,2025-10-14 10:45:00,92.72,93.02,92.27,92.93
LTC/USD,2025-10-14 11:00:00,92.94,93.95,92.88,93.89
LTC/USD,2025-10-14 11:15:00,93.89,94.1,93.52,93.83
LTC/USD,2025-10-14 11:30:00,93.82,94.22,93.44,93.48
LTC/USD,2025-10-14 11:45:00,93.48,93.75,93.18,93.25
LTC/USD,2025-10-14 12:00:00,93.25,93.28,92.59,92.88
LTC/USD,2025-10-14 12:15:00,92.87,92.93,91.9,92.23
LTC/USD,2025-10-14 12:30:00,92.23,92.35,91.75,92.12
LTC/USD,2025-10-14 12:45:00,92.11,92.59,91.82,92.17
LTC/USD,2025-10-14 13:00:00,92.16,92.87,91.96,92.32
LTC/USD,2025-10-14 13:15:00,92.31,92.92,91.98,92.74
LTC/USD,2025-10-14 13:30:00,92.74,93.15,91.12,92.34
LTC/USD,2025-10-14 13:45:00,92.35,93.3,92.06,92.99
LTC/USD,2025-10-14 14:00:00,92.98,93.76,92.72,93.75
LTC/USD,2025-10-14 14:15:00,93.73,94.43,93.53,93.69
LTC/USD,2025-10-14 14:30:00,93.67,94.29,92.98,94.14
LTC/USD,2025-10-14 14:45:00,94.14,94.67,93.65,93.69
LTC/USD,2025-10-14 15:00:00,93.69,94.18,93.28,93.45
LTC/USD,2025-10-14 15:15:00,93.45,94.33,93.28,94.15
LTC/USD,2025-10-14 15:30:00,94.14,95.13,94.12,94.97
LTC/USD,2025-10-14 15:45:00,94.98,95.71,94.76,95.58
LTC/USD,2025-10-14 16:00:00,95.59,95.8,94.87,95.57
LTC/USD,2025-10-14 16:15:00,95.57,96.32,95.2,95.82
LTC/USD,2025-10-14 16:30:00,95.82,96.04,95.1,95.64
LTC/USD,2025-10-14 16:45:00,95.65,96.19,95.09,95.31
LTC/USD,2025-10-14 17:00:00,95.3,96.48,94.09,96.13
LTC/USD,2025-10-14 17:15:00,96.14,96.29,95.9,96.1
LTC/USD,2025-10-14 17:30:00,96.12,96.51,95.73,96.5
LTC/USD,2025-10-14 17:45:00,96.5,96.8,96.32,96.51
LTC/USD,2025-10-14 18:00:00,96.52,96.87,96.43,96.77
LTC/USD,2025-10-14 18:15:00,96.77,96.93,96.56,96.73
LTC/USD,2025-10-14 18:30:00,96.73,96.8,96.34,96.5
LTC/USD,2025-10-14 18:45:00,96.51,97.32,96.37,97.27
LTC/USD,2025-10-14 19:00:00,97.27,97.91,97.26,97.64
LTC/USD,2025-10-14 19:15:00,97.64,98.16,97.63,97.94
LTC/USD,2025-10-14 19:30:00,97.93,98.11,96.1,96.43
LTC/USD,2025-10-14 19:45:00,96.43,98.23,96.12,98.13
LTC/USD,2025-10-14 20:00:00,98.13,98.31,97.53,97.76
LTC/USD,2025-10-14 20:15:00,97.75,98.33,97.58,97.76
LTC/USD,2025-10-14 20:30:00,97.75,97.89,97.48,97.84
LTC/USD,2025-10-14 20:45:00,97.84,98.08,97.68,98.03
LTC/USD,2025-10-14 21:00:00,98.04,98.11,97.17,97.34
LTC/USD,2025-10-14 21:15:00,97.33,97.84,97.25,97.76
LTC/USD,2025-10-14 21:30:00,97.76,97.86,97.25,97.53
LTC/USD,2025-10-14 21:45:00,97.53,97.88,97.32,97.84
LTC/USD,2025-10-14 22:00:00,97.85,98.5,97.85,98.29
LTC/USD,2025-10-14 22:15:00,98.29,98.44,98.12,98.12
LTC/USD,2025-10-14 22:30:00,98.13,98.34,97.94,97.98
LTC/USD,2025-10-14 22:45:00,97.98,98.02,97.57,97.65
LTC/USD,2025-10-14 23:00:00,97.64,98.05,97.63,97.89
LTC/USD,2025-10-14 23:15:00,97.89,98.03,97.73,97.87
LTC/USD,2025-10-14 23:30:00,97.88,97.92,97.4,97.4
LTC/USD,2025-10-14 23:45:00,97.4,97.56,97.23,97.33
LTC/USD,2025-10-15 00:00:00,97.33,97.5,97.21,97.37
LTC/USD,2025-10-15 00:15:00,97.38,97.45,96.6,97.13
LTC/USD,2025-10-15 00:30:00,97.13,97.28,96.71,97.15
LTC/USD,2025-10-15 00:45:00,97.14,97.57,97.05,97.55
LTC/USD,2025-10-15 01:00:00,97.54,97.85,96.77,97.15
LTC/USD,2025-10-15 01:15:00,97.14,97.24,96.73,96.75
LTC/USD,2025-10-15 01:30:00,96.74,96.86,96.49,96.67
LTC/USD,2025-10-15 01:45:00,96.68,97.06,96.5,96.98
LTC/USD,2025-10-15 02:00:00,96.98,97.62,96.96,97.59
LTC/USD,2025-10-15 02:15:00,97.59,98.25,97.54,98.14
LTC/USD,2025-10-15 02:30:00,98.13,98.24,97.9,98.04
LTC/USD,2025-10-15 02:45:00,98.05,98.36,97.94,97.96
LTC/USD,2025-10-15 03:00:00,97.97,98.06,97.27,97.42
LTC/USD,2025-10-15 03:15:00,97.41,97.72,97.32,97.55
LTC/USD,2025-10-15 03:30:00,97.54,97.54,96.93,97.1
LTC/USD,2025-10-15 03:45:00,97.1,97.42,96.8,97.18
LTC/USD,2025-10-15 04:00:00,97.18,97.23,96.75,96.89
LTC/USD,2025-10-15 04:15:00,96.89,97.6,96.83,97.59
LTC/USD,2025-10-15 04:30:00,97.59,97.94,97.47,97.64
LTC/USD,2025-10-15 04:45:00,97.64,97.95,97.61,97.66
LTC/USD,2025-10-15 05:00:00,97.66,98.27,97.66,98.18
LTC/USD,2025-10-15 05:15:00,98.17,98.27,97.96,98.14
LTC/USD,2025-10-15 05:30:00,98.14,98.35,97.8,98.12
LTC/USD,2025-10-15 05:45:00,98.12,98.24,97.91,98.23
LTC/USD,2025-10-15 06:00:00,98.22,98.68,97.98,98.1
LTC/USD,2025-10-15 06:15:00,98.09,98.13,97.24,97.51
LTC/USD,2025-10-15 06:30:00,97.47,98.38,97.32,98.11
LTC/USD,2025-10-15 06:45:00,98.11,98.41,98.04,98.33
LTC/USD,2025-10-15 07:00:00,98.32,98.4,97.9,98.23
LTC/USD,2025-10-15 07:15:00,98.23,98.53,98.11,98.18
LTC/USD,2025-10-15 07:30:00,98.17,98.18,97.82,97.95
LTC/USD,2025-10-15 07:45:00,97.95,98.2,97.8,98.16
LTC/USD,2025-10-15 08:00:00,98.16,98.63,98.13,98.63
LTC/USD,2025-10-15 08:15:00,98.63,99.25,98.51,99.24
LTC/USD,2025-10-15 08:30:00,99.24,99.97,99.23,99.33
LTC/USD,2025-10-15 08:45:00,99.32,99.32,98.57,98.73
LTC/USD,2025-10-15 09:00:00,98.74,98.89,98.42,98.55
LTC/USD,2025-10-15 09:15:00,98.55,98.55,97.62,97.78
LTC/USD,2025-10-15 09:30:00,97.78,98.04,97.43,97.9
LTC/USD,2025-10-15 09:45:00,97.9,98.11,97.59,97.75
LTC/USD,2025-10-15 10:00:00,97.76,98.08,97.43,97.99
LTC/USD,2025-10-15 10:15:00,97.98,98.03,97.51,97.73
LTC/USD,2025-10-15 10:30:00,97.73,97.84,97.45,97.76
LTC/USD,2025-10-15 10:45:00,97.75,97.94,97.5,97.72
LTC/USD,2025-10-15 11:00:00,97.71,97.91,97.44,97.48
LTC/USD,2025-10-15 11:15:00,97.48,97.51,96.79,97.12
LTC/USD,2025-10-15 11:30:00,97.11,97.56,96.93,97.56
LTC/USD,2025-10-15 11:45:00,97.55,97.55,97.03,97.06
LTC/USD,2025-10-15 12:00:00,97.05,97.14,96.8,96.88
LTC/USD,2025-10-15 12:15:00,96.88,97.23,96.48,96.63
LTC/USD,2025-10-15 12:30:00,96.63,96.96,96.47,96.91
LTC/USD,2025-10-15 12:45:00,96.91,97.12,96.9,97.03
LTC/USD,2025-10-15 13:00:00,97.03,97.05,96.37,96.65
LTC/USD,2025-10-15 13:15:00,96.65,96.95,96.34,96.8
LTC/USD,2025-10-15 13:30:00,96.79,97.9,96.5,96.74
LTC/USD,2025-10-15 13:45:00,96.76,96.98,95.41,96.65
LTC/USD,2025-10-15 14:00:00,96.65,97.41,96.45,97.12
LTC/USD,2025-10-15 14:15:00,97.13,97.44,96.64,96.78
LTC/USD,2025-10-15 14:30:00,96.79,96.82,96.0,96.24
LTC/USD,2025-10-15 14:45:00,96.23,96.23,95.53,95.94
LTC/USD,2025-10-15 15:00:00,95.94,96.35,95.49,95.8
LTC/USD,2025-10-15 15:15:00,95.79,96.3,95.31,95.6
LTC/USD,2025-10-15 15:30:00,95.6,95.65,94.4,94.63
LTC/USD,2025-10-15 15:45:00,94.64,94.78,94.2,94.7
LTC/USD,2025-10-15 16:00:00,94.7,94.89,94.27,94.54
LTC/USD,2025-10-15 16:15:00,94.53,94.93,94.23,94.75
LTC/USD,2025-10-15 16:30:00,94.75,94.78,94.08,94.22
LTC/USD,2025-10-15 16:45:00,94.22,94.67,94.03,94.12
LTC/USD,2025-10-15 17:00:00,94.13,94.15,93.38,93.41
LTC/USD,2025-10-15 17:15:00,93.4,94.15,93.36,93.86
LTC/USD,2025-10-15 17:30:00,93.85,94.41,93.61,94.18
LTC/USD,2025-10-15 17:45:00,94.18,94.62,94.17,94.61
LTC/USD,2025-10-15 18:00:00,94.61,94.73,94.3,94.54
LTC/USD,2025-10-15 18:15:00,94.54,95.0,94.54,94.86
LTC/USD,2025-10-15 18:30:00,94.86,95.04,94.69,94.84
LTC/USD,2025-10-15 18:45:00,94.84,95.4,94.72,95.33
LTC/USD,2025-10-15 19:00:00,95.33,95.33,94.67,94.83
LTC/USD,2025-10-15 19:15:00,94.84,95.19,94.68,95.03
LTC/USD,2025-10-15 19:30:00,95.03,95.05,94.29,94.57
LTC/USD,2025-10-15 19:45:00,94.57,94.67,94.19,94.45
LTC/USD,2025-10-15 20:00:00,94.46,94.86,94.46,94.76
LTC/USD,2025-10-15 20:15:00,94.76,95.1,94.29,94.38
LTC/USD,2025-10-15 20:30:00,94.38,94.85,93.38,94.68
LTC/USD,2025-10-15 20:45:00,94.68,94.89,94.17,94.21
LTC/USD,2025-10-15 21:00:00,94.2,94.53,93.57,94.06
LTC/USD,2025-10-15 21:15:00,94.07,94.69,93.77,94.58
LTC/USD,2025-10-15 21:30:00,94.59,94.92,94.41,94.65
LTC/USD,2025-10-15 21:45:00,94.64,94.66,93.79,94.06
LTC/USD,2025-10-15 22:00:00,94.06,94.63,94.05,94.63
LTC/USD,2025-10-15 22:15:00,94.63,95.03,94.53,94.63
LTC/USD,2025-10-15 22:30:00,94.63,95.01,94.6,94.92
LTC/USD,2025-10-15 22:45:00,94.93,94.99,94.27,94.45
LTC/USD,2025-10-15 23:00:00,94.44,95.09,94.43,95.04
LTC/USD,2025-10-15 23:15:00,95.03,95.03,94.91,94.91
LTC/USD,2025-10-15 23:30:00,95.01,95.54,95.01,95.31
LTC/USD,2025-10-15 23:45:00,95.32,95.54,95.0,95.5
LTC/USD,2025-10-16 00:00:00,95.5,95.66,94.89,94.91
LTC/USD,2025-10-16 00:15:00,94.92,95.65,94.92,95.56
LTC/USD,2025-10-16 00:30:00,95.55,95.55,95.13,95.31
LTC/USD,2025-10-16 00:45:00,95.3,95.6,95.04,95.13
LTC/USD,2025-10-16 01:00:00,95.12,95.97,95.07,95.72
LTC/USD,2025-10-16 01:15:00,95.73,95.94,95.6,95.83
LTC/USD,2025-10-16 01:30:00,95.82,96.18,95.72,95.83
LTC/USD,2025-10-16 01:45:00,95.83,96.34,95.7,96.03
LTC/USD,2025-10-16 02:00:00,96.04,96.38,95.72,95.96
LTC/USD,2025-10-16 02:15:00,95.97,96.28,95.87,96.01
LTC/USD,2025-10-16 02:30:00,96.02,96.02,95.5,95.56
LTC/USD,2025-10-16 02:45:00,95.56,96.0,95.44,95.94
LTC/USD,2025-10-16 03:00:00,95.94,95.97,95.16,95.18
LTC/USD,2025-10-16 03:15:00,95.18,95.49,94.53,95.34
LTC/USD,2025-10-16 03:30:00,95.34,95.35,94.98,95.11
LTC/USD,2025-10-16 03:45:00,95.1,95.16,94.73,94.81
LTC/USD,2025-10-16 04:00:00,94.81,95.06,94.75,95.0
LTC/USD,2025-10-16 04:15:00,95.0,95.1,94.77,95.09
LTC/USD,2025-10-16 04:30:00,95.09,95.25,94.76,94.85
LTC/USD,2025-10-16 04:45:00,94.84,94.86,94.37,94.46
LTC/USD,2025-10-16 05:00:00,94.46,94.59,94.15,94.27
LTC/USD,2025-10-16 05:15:00,94.27,94.36,94.0,94.24
LTC/USD,2025-10-16 05:30:00,94.25,94.79,94.25,94.69
LTC/USD,2025-10-16 05:45:00,94.68,94.73,93.84,94.43
LTC/USD,2025-10-16 06:00:00,94.44,94.69,94.34,94.59
LTC/USD,2025-10-16 06:15:00,94.58,94.94,94.54,94.93
LTC/USD,2025-10-16 06:30:00,94.94,95.23,94.94,94.99
LTC/USD,2025-10-16 06:45:00,94.99,95.58,94.99,95.5
LTC/USD,2025-10-16 07:00:00,95.5,95.56,95.07,95.21
LTC/USD,2025-10-16 07:15:00,95.2,95.21,94.59,94.62
LTC/USD,2025-10-16 07:30:00,94.62,94.97,94.6,94.97
LTC/USD,2025-10-16 07:45:00,94.96,95.0,94.71,94.85
LTC/USD,2025-10-16 08:00:00,94.85,94.96,94.5,94.86
LTC/USD,2025-10-16 08:15:00,94.86,94.86,94.33,94.38
LTC/USD,2025-10-16 08:30:00,94.38,94.49,93.98,94.15
LTC/USD,2025-10-16 08:45:00,94.15,94.36,94.07,94.18
LTC/USD,2025-10-16 09:00:00,94.19,94.61,94.05,94.52
LTC/USD,2025-10-16 09:15:00,94.52,94.83,94.27,94.27
LTC/USD,2025-10-16 09:30:00,94.26,94.46,92.06,94.31
LTC/USD,2025-10-16 09:45:00,94.32,95.35,94.26,95.06
LTC/USD,2025-10-16 10:00:00,95.06,95.84,94.83,95.61
LTC/USD,2025-10-16 10:15:00,95.62,96.23,95.51,95.68
LTC/USD,2025-10-16 10:30:00,95.67,95.75,95.42,95.57
LTC/USD,2025-10-16 10:45:00,95.56,95.75,95.35,95.39
LTC/USD,2025-10-16 11:00:00,95.39,95.68,95.2,95.29
LTC/USD,2025-10-16 11:15:00,95.29,95.46,95.11,95.13
LTC/USD,2025-10-16 11:30:00,95.13,95.37,94.92,95.15
LTC/USD,2025-10-16 11:45:00,95.15,96.04,95.11,96.04
LTC/USD,2025-10-16 12:00:00,96.04,96.53,95.7,95.7
LTC/USD,2025-10-16 12:15:00,95.7,96.53,95.7,96.2
LTC/USD,2025-10-16 12:30:00,96.2,96.96,95.9,96.47
LTC/USD,2025-10-16 12:45:00,96.46,96.54,96.16,96.18
LTC/USD,2025-10-16 13:00:00,96.19,96.31,95.91,96.17
LTC/USD,2025-10-16 13:15:00,96.17,96.33,95.68,95.85
LTC/USD,2025-10-16 13:30:00,95.85,96.31,95.73,96.14
LTC/USD,2025-10-16 13:45:00,96.15,96.32,95.24,95.55
LTC/USD,2025-10-16 14:00:00,95.55,95.65,94.63,94.79
LTC/USD,2025-10-16 14:15:00,94.79,95.06,94.14,94.55
LTC/USD,2025-10-16 14:30:00,94.54,96.11,94.49,95.97
LTC/USD,2025-10-16 14:45:00,95.97,96.08,94.72,94.81
LTC/USD,2025-10-16 15:00:00,94.81,94.99,94.32,94.95
LTC/USD,2025-10-16 15:15:00,94.96,95.05,93.84,93.93
LTC/USD,2025-10-16 15:30:00,93.92,94.19,92.78,92.93
LTC/USD,2025-10-16 15:45:00,92.93,93.0,91.64,91.77
LTC/USD,2025-10-16 16:00:00,91.77,92.15,90.59,92.01
LTC/USD,2025-10-16 16:15:00,91.73,91.97,91.02,91.33
LTC/USD,2025-10-16 16:30:00,91.88,91.89,91.26,91.35
LTC/USD,2025-10-16 16:45:00,91.94,93.22,91.75,93.18
LTC/USD,2025-10-16 17:00:00,93.18,93.21,91.96,91.99
LTC/USD,2025-10-16 17:15:00,91.98,92.78,91.97,92.38
LTC/USD,2025-10-16 17:30:00,92.29,92.4,91.98,92.06
LTC/USD,2025-10-16 17:45:00,91.78,91.99,91.57,91.81
LTC/USD,2025-10-16 18:00:00,91.81,91.85,91.16,91.24
LTC/USD,2025-10-16 18:15:00,91.14,91.52,90.94,91.16
LTC/USD,2025-10-16 18:30:00,91.11,91.65,90.88,91.6
LTC/USD,2025-10-16 18:45:00,91.7,92.04,91.38,91.78
LTC/USD,2025-10-16 19:00:00,91.78,91.9,91.05,91.22
LTC/USD,2025-10-16 19:15:00,91.23,91.35,90.24,90.7
LTC/USD,2025-10-16 19:30:00,90.7,90.79,89.59,90.18
LTC/USD,2025-10-16 19:45:00,90.18,91.19,89.88,90.54
LTC/USD,2025-10-16 20:00:00,90.54,91.01,90.47,90.58
LTC/USD,2025-10-16 20:15:00,90.59,90.93,90.24,90.6
LTC/USD,2025-10-16 20:30:00,90.61,90.72,89.8,90.21
LTC/USD,2025-10-16 20:45:00,90.21,90.73,90.07,90.15
LTC/USD,2025-10-16 21:00:00,90.14,90.57,89.94,90.52
LTC/USD,2025-10-16 21:15:00,90.54,91.05,90.34,90.93
LTC/USD,2025-10-16 21:30:00,90.92,91.35,90.85,91.06
LTC/USD,2025-10-16 21:45:00,91.07,91.4,91.03,91.38
LTC/USD,2025-10-16 22:00:00,91.38,91.48,90.97,90.99
LTC/USD,2025-10-16 22:15:00,90.99,91.19,90.88,91.07
LTC/USD,2025-10-16 22:30:00,91.08,91.28,90.84,91.05
LTC/USD,2025-10-16 22:45:00,91.04,91.2,90.76,90.79
LTC/USD,2025-10-16 23:00:00,90.78,91.21,90.68,91.09
LTC/USD,2025-10-16 23:15:00,91.09,91.75,91.09,91.66
LTC/USD,2025-10-16 23:30:00,91.66,91.85,91.42,91.43
LTC/USD,2025-10-16 23:45:00,91.43,91.83,91.43,91.79
LTC/USD,2025-10-17 00:00:00,91.79,92.07,91.51,91.91
LTC/USD,2025-10-17 00:15:00,91.9,92.28,91.87,92.2
LTC/USD,2025-10-17 00:30:00,92.19,92.49,92.03,92.13
LTC/USD,2025-10-17 00:45:00,92.13,92.34,91.87,92.34
LTC/USD,2025-10-17 01:00:00,92.34,93.14,92.28,92.7
LTC/USD,2025-10-17 01:15:00,92.7,92.85,92.33,92.36
LTC/USD,2025-10-17 01:30:00,92.36,92.53,91.93,92.05
LTC/USD,2025-10-17 01:45:00,92.06,92.2,91.82,92.2
LTC/USD,2025-10-17 02:00:00,92.21,92.34,91.84,91.95
LTC/USD,2025-10-17 02:15:00,91.94,91.98,91.59,91.68
LTC/USD,2025-10-17 02:30:00,91.69,92.14,91.67,92.03
LTC/USD,2025-10-17 02:45:00,92.04,92.48,92.02,92.24
LTC/USD,2025-10-17 03:00:00,92.23,92.48,92.21,92.28
XRP/USD,2025-10-13 17:15:00,2.59638,2.60661,2.59126,2.60074
XRP/USD,2025-10-13 17:30:00,2.6012,2.60561,2.59109,2.59504
XRP/USD,2025-10-13 17:45:00,2.59468,2.62506,2.58229,2.62358
XRP/USD,2025-10-13 18:00:00,2.62117,2.62561,2.6057,2.60844
XRP/USD,2025-10-13 18:15:00,2.60943,2.62939,2.60792,2.6222
XRP/USD,2025-10-13 18:30:00,2.62292,2.62739,2.61405,2.62125
XRP/USD,2025-10-13 18:45:00,2.62046,2.62184,2.60059,2.61088
XRP/USD,2025-10-13 19:00:00,2.61074,2.62182,2.60414,2.62062
XRP/USD,2025-10-13 19:15:00,2.62055,2.63057,2.61738,2.62357
XRP/USD,2025-10-13 19:30:00,2.6232,2.63373,2.62123,2.63243
XRP/USD,2025-10-13 19:45:00,2.63336,2.63926,2.61899,2.62405
XRP/USD,2025-10-13 20:00:00,2.62422,2.63135,2.62019,2.62954
XRP/USD,2025-10-13 20:15:00,2.62959,2.63767,2.62495,2.6362
XRP/USD,2025-10-13 20:30:00,2.63582,2.63761,2.6288,2.63407
XRP/USD,2025-10-13 20:45:00,2.63403,2.64465,2.63149,2.64385
XRP/USD,2025-10-13 21:00:00,2.64391,2.64567,2.62905,2.62905
XRP/USD,2025-10-13 21:15:00,2.62868,2.63458,2.6209,2.62352
XRP/USD,2025-10-13 21:30:00,2.62336,2.6269,2.61747,2.62302
XRP/USD,2025-10-13 21:45:00,2.62301,2.62301,2.61228,2.61634
XRP/USD,2025-10-13 22:00:00,2.6163,2.62326,2.61425,2.61587
XRP/USD,2025-10-13 22:15:00,2.61547,2.618,2.60703,2.60988
XRP/USD,2025-10-13 22:30:00,2.60911,2.61629,2.60849,2.61138
XRP/USD,2025-10-13 22:45:00,2.61144,2.61265,2.60603,2.60834
XRP/USD,2025-10-13 23:00:00,2.60788,2.61214,2.60283,2.6088
XRP/USD,2025-10-13 23:15:00,2.60861,2.61179,2.60554,2.60884
XRP/USD,2025-10-13 23:30:00,2.60785,2.61394,2.60228,2.60921
XRP/USD,2025-10-13 23:45:00,2.60912,2.60912,2.59687,2.60506
XRP/USD,2025-10-14 00:00:00,2.60513,2.60878,2.59722,2.60223
XRP/USD,2025-10-14 00:15:00,2.60226,2.61761,2.60097,2.61125
XRP/USD,2025-10-14 00:30:00,2.61223,2.62057,2.60765,2.612
XRP/USD,2025-10-14 00:45:00,2.61258,2.61258,2.59553,2.60672
XRP/USD,2025-10-14 01:00:00,2.60667,2.61049,2.59315,2.59967
XRP/USD,2025-10-14 01:15:00,2.59967,2.60762,2.59733,2.60104
XRP/USD,2025-10-14 01:30:00,2.601,2.60361,2.5967,2.60018
XRP/USD,2025-10-14 01:45:00,2.59922,2.60153,2.58271,2.58678
XRP/USD,2025-10-14 02:00:00,2.58679,2.58808,2.57415,2.579
XRP/USD,2025-10-14 02:15:00,2.579,2.58204,2.56783,2.57464
XRP/USD,2025-10-14 02:30:00,2.57487,2.57897,2.56954,2.57209
XRP/USD,2025-10-14 02:45:00,2.57232,2.57431,2.56316,2.5731
XRP/USD,2025-10-14 03:00:00,2.5731,2.57379,2.55464,2.56442
XRP/USD,2025-10-14 03:15:00,2.56448,2.57083,2.55009,2.55194
XRP/USD,2025-10-14 03:30:00,2.55235,2.55725,2.55045,2.55627
XRP/USD,2025-10-14 03:45:00,2.55753,2.56842,2.55753,2.56035
XRP/USD,2025-10-14 04:00:00,2.56058,2.56536,2.54698,2.55378
XRP/USD,2025-10-14 04:15:00,2.55395,2.55594,2.5479,2.55108
XRP/USD,2025-10-14 04:30:00,2.55077,2.55077,2.53551,2.54014
XRP/USD,2025-10-14 04:45:00,2.54014,2.54029,2.51612,2.52638
XRP/USD,2025-10-14 05:00:00,2.52638,2.54114,2.5235,2.53693
XRP/USD,2025-10-14 05:15:00,2.53658,2.53865,2.52489,2.52531
XRP/USD,2025-10-14 05:30:00,2.52607,2.52772,2.4969,2.5026
XRP/USD,2025-10-14 05:45:00,2.5016,2.50799,2.4984,2.50572
XRP/USD,2025-10-14 06:00:00,2.50586,2.51867,2.50526,2.50638
XRP/USD,2025-10-14 06:15:00,2.50524,2.5066,2.48898,2.4898
XRP/USD,2025-10-14 06:30:00,2.49016,2.4976,2.45741,2.45949
XRP/USD,2025-10-14 06:45:00,2.45843,2.47536,2.41976,2.46672
XRP/USD,2025-10-14 07:00:00,2.46514,2.47585,2.45374,2.469
XRP/USD,2025-10-14 07:15:00,2.4688,2.48042,2.45772,2.47017
XRP/USD,2025-10-14 07:30:00,2.46993,2.47008,2.44139,2.45096
XRP/USD,2025-10-14 07:45:00,2.44932,2.45618,2.44222,2.45293
XRP/USD,2025-10-14 08:00:00,2.45196,2.4643,2.43765,2.46053
XRP/USD,2025-10-14 08:15:00,2.46219,2.46567,2.44905,2.46479
XRP/USD,2025-10-14 08:30:00,2.46563,2.47448,2.46008,2.47279
XRP/USD,2025-10-14 08:45:00,2.47226,2.47372,2.46064,2.46416
XRP/USD,2025-10-14 09:00:00,2.46416,2.47172,2.46074,2.46391
XRP/USD,2025-10-14 09:15:00,2.46483,2.47214,2.46232,2.46782
XRP/USD,2025-10-14 09:30:00,2.4676,2.47562,2.46716,2.47053
XRP/USD,2025-10-14 09:45:00,2.47024,2.47366,2.4566,2.46237
XRP/USD,2025-10-14 10:00:00,2.46143,2.46143,2.44678,2.45027
XRP/USD,2025-10-14 10:15:00,2.45027,2.45048,2.42527,2.42642
XRP/USD,2025-10-14 10:30:00,2.42629,2.44419,2.41262,2.43155
XRP/USD,2025-10-14 10:45:00,2.43161,2.44165,2.41649,2.43932
XRP/USD,2025-10-14 11:00:00,2.44066,2.45918,2.43924,2.45818
XRP/USD,2025-10-14 11:15:00,2.45944,2.46036,2.44978,2.45557
XRP/USD,2025-10-14 11:30:00,2.45557,2.46405,2.45065,2.45088
XRP/USD,2025-10-14 11:45:00,2.45126,2.45753,2.45023,2.45176
XRP/USD,2025-10-14 12:00:00,2.45194,2.45261,2.43694,2.44256
XRP/USD,2025-10-14 12:15:00,2.44278,2.44278,2.42001,2.43115
XRP/USD,2025-10-14 12:30:00,2.43083,2.43448,2.41746,2.42489
XRP/USD,2025-10-14 12:45:00,2.42332,2.43208,2.41518,2.4197
XRP/USD,2025-10-14 13:00:00,2.4196,2.42679,2.40409,2.4119
XRP/USD,2025-10-14 13:15:00,2.41169,2.42648,2.40254,2.42586
XRP/USD,2025-10-14 13:30:00,2.4253,2.43901,2.38984,2.41635
XRP/USD,2025-10-14 13:45:00,2.41501,2.44329,2.40873,2.43214
XRP/USD,2025-10-14 14:00:00,2.43193,2.45083,2.42783,2.45083
XRP/USD,2025-10-14 14:15:00,2.44985,2.46308,2.44745,2.44929
XRP/USD,2025-10-14 14:30:00,2.44921,2.45516,2.4305,2.45193
XRP/USD,2025-10-14 14:45:00,2.452,2.4638,2.44246,2.44632
XRP/USD,2025-10-14 15:00:00,2.44642,2.46081,2.43964,2.44198
XRP/USD,2025-10-14 15:15:00,2.44231,2.45458,2.43702,2.45209
XRP/USD,2025-10-14 15:30:00,2.45181,2.48148,2.45127,2.47944
XRP/USD,2025-10-14 15:45:00,2.47945,2.49924,2.47628,2.49751
XRP/USD,2025-10-14 16:00:00,2.49775,2.50136,2.48275,2.49653
XRP/USD,2025-10-14 16:15:00,2.49684,2.53574,2.49565,2.51079
XRP/USD,2025-10-14 16:30:00,2.51302,2.51829,2.49373,2.50755
XRP/USD,2025-10-14 16:45:00,2.50847,2.51996,2.49775,2.50286
XRP/USD,2025-10-14 17:00:00,2.50301,2.52523,2.47697,2.52492
XRP/USD,2025-10-14 17:15:00,2.52195,2.52735,2.51205,2.51607
XRP/USD,2025-10-14 17:30:00,2.51708,2.52158,2.49926,2.51416
XRP/USD,2025-10-14 17:45:00,2.51405,2.52035,2.50303,2.50587
XRP/USD,2025-10-14 18:00:00,2.50595,2.52387,2.50412,2.52131
XRP/USD,2025-10-14 18:15:00,2.52144,2.52582,2.51213,2.51521
XRP/USD,2025-10-14 18:30:00,2.51521,2.52301,2.50388,2.50679
XRP/USD,2025-10-14 18:45:00,2.50712,2.51636,2.49438,2.50227
XRP/USD,2025-10-14 19:00:00,2.50288,2.50539,2.49755,2.50042
XRP/USD,2025-10-14 19:15:00,2.50056,2.51723,2.49819,2.51039
XRP/USD,2025-10-14 19:30:00,2.51156,2.51157,2.46177,2.46753
XRP/USD,2025-10-14 19:45:00,2.4676,2.48683,2.46242,2.48345
XRP/USD,2025-10-14 20:00:00,2.48396,2.49639,2.47581,2.48303
XRP/USD,2025-10-14 20:15:00,2.48211,2.48767,2.47837,2.4826
XRP/USD,2025-10-14 20:30:00,2.48232,2.4916,2.47524,2.49092
XRP/USD,2025-10-14 20:45:00,2.49114,2.49441,2.48667,2.49049
XRP/USD,2025-10-14 21:00:00,2.49021,2.49215,2.47639,2.4807
XRP/USD,2025-10-14 21:15:00,2.48099,2.48729,2.47601,2.48433
XRP/USD,2025-10-14 21:30:00,2.48471,2.49115,2.4805,2.48964
XRP/USD,2025-10-14 21:45:00,2.48922,2.49681,2.489,2.49523
XRP/USD,2025-10-14 22:00:00,2.49535,2.50835,2.49535,2.5012
XRP/USD,2025-10-14 22:15:00,2.50093,2.50202,2.49729,2.49821
XRP/USD,2025-10-14 22:30:00,2.49892,2.49954,2.49257,2.49648
XRP/USD,2025-10-14 22:45:00,2.49762,2.49901,2.48998,2.49895
XRP/USD,2025-10-14 23:00:00,2.49754,2.50836,2.49754,2.50687
XRP/USD,2025-10-14 23:15:00,2.50799,2.51247,2.50613,2.50893
XRP/USD,2025-10-14 23:30:00,2.50925,2.51148,2.50578,2.50597
XRP/USD,2025-10-14 23:45:00,2.50643,2.51099,2.50181,2.5036
XRP/USD,2025-10-15 00:00:00,2.50359,2.50856,2.49579,2.49601
XRP/USD,2025-10-15 00:15:00,2.49607,2.49947,2.487,2.4919
XRP/USD,2025-10-15 00:30:00,2.49146,2.49969,2.48545,2.49645
XRP/USD,2025-10-15 00:45:00,2.49641,2.50563,2.49508,2.50556
XRP/USD,2025-10-15 01:00:00,2.50469,2.50649,2.48805,2.49714
XRP/USD,2025-10-15 01:15:00,2.49689,2.50133,2.4902,2.49166
XRP/USD,2025-10-15 01:30:00,2.49165,2.49269,2.4852,2.49241
XRP/USD,2025-10-15 01:45:00,2.49271,2.50056,2.48891,2.50029
XRP/USD,2025-10-15 02:00:00,2.49996,2.51006,2.49727,2.50969
XRP/USD,2025-10-15 02:15:00,2.50944,2.5251,2.50944,2.52449
XRP/USD,2025-10-15 02:30:00,2.52392,2.52542,2.51335,2.51404
XRP/USD,2025-10-15 02:45:00,2.5141,2.51849,2.51045,2.51142
XRP/USD,2025-10-15 03:00:00,2.51074,2.51323,2.49795,2.50118
XRP/USD,2025-10-15 03:15:00,2.50067,2.50067,2.48685,2.49848
XRP/USD,2025-10-15 03:30:00,2.49829,2.49829,2.48275,2.48665
XRP/USD,2025-10-15 03:45:00,2.48666,2.49198,2.48016,2.48838
XRP/USD,2025-10-15 04:00:00,2.48849,2.48979,2.4802,2.48416
XRP/USD,2025-10-15 04:15:00,2.48416,2.49579,2.4834,2.49224
XRP/USD,2025-10-15 04:30:00,2.49288,2.49397,2.48514,2.48856
XRP/USD,2025-10-15 04:45:00,2.48852,2.49929,2.48682,2.49866
XRP/USD,2025-10-15 05:00:00,2.49872,2.50836,2.49872,2.502
XRP/USD,2025-10-15 05:15:00,2.50237,2.50486,2.49273,2.4942
XRP/USD,2025-10-15 05:30:00,2.49263,2.50468,2.4898,2.50235
XRP/USD,2025-10-15 05:45:00,2.50242,2.50242,2.49427,2.49945
XRP/USD,2025-10-15 06:00:00,2.49862,2.50492,2.49102,2.49478
XRP/USD,2025-10-15 06:15:00,2.49477,2.4959,2.48152,2.48152
XRP/USD,2025-10-15 06:30:00,2.48366,2.50866,2.47957,2.5024
XRP/USD,2025-10-15 06:45:00,2.50264,2.50695,2.49797,2.503
XRP/USD,2025-10-15 07:00:00,2.50235,2.50479,2.49411,2.50132
XRP/USD,2025-10-15 07:15:00,2.50144,2.50834,2.49703,2.49979
XRP/USD,2025-10-15 07:30:00,2.49979,2.50384,2.4971,2.50178
XRP/USD,2025-10-15 07:45:00,2.50075,2.50831,2.49894,2.50829
XRP/USD,2025-10-15 08:00:00,2.50695,2.51843,2.50552,2.51843
XRP/USD,2025-10-15 08:15:00,2.5181,2.52744,2.51543,2.52744
XRP/USD,2025-10-15 08:30:00,2.52716,2.54737,2.52716,2.52843
XRP/USD,2025-10-15 08:45:00,2.5284,2.5284,2.51686,2.51849
XRP/USD,2025-10-15 09:00:00,2.51817,2.52299,2.51313,2.51694
XRP/USD,2025-10-15 09:15:00,2.51695,2.51875,2.50293,2.50385
XRP/USD,2025-10-15 09:30:00,2.50351,2.5057,2.49503,2.50288
XRP/USD,2025-10-15 09:45:00,2.5028,2.50805,2.49737,2.50103
XRP/USD,2025-10-15 10:00:00,2.50098,2.50678,2.49507,2.50555
XRP/USD,2025-10-15 10:15:00,2.50555,2.50629,2.49476,2.49931
XRP/USD,2025-10-15 10:30:00,2.49931,2.50151,2.49323,2.49893
XRP/USD,2025-10-15 10:45:00,2.49854,2.50216,2.49591,2.49715
XRP/USD,2025-10-15 11:00:00,2.49625,2.50488,2.49486,2.49663
XRP/USD,2025-10-15 11:15:00,2.49669,2.49671,2.47798,2.48976
XRP/USD,2025-10-15 11:30:00,2.48888,2.49664,2.48529,2.49664
XRP/USD,2025-10-15 11:45:00,2.49644,2.49644,2.49147,2.49272
XRP/USD,2025-10-15 12:00:00,2.49232,2.50279,2.48768,2.49762
XRP/USD,2025-10-15 12:15:00,2.49822,2.50173,2.48608,2.48869
XRP/USD,2025-10-15 12:30:00,2.48859,2.49382,2.48259,2.4925
XRP/USD,2025-10-15 12:45:00,2.49249,2.5034,2.49211,2.502
XRP/USD,2025-10-15 13:00:00,2.50199,2.50199,2.48281,2.48821
XRP/USD,2025-10-15 13:15:00,2.48881,2.48968,2.48105,2.48105
XRP/USD,2025-10-15 13:30:00,2.48095,2.49937,2.47118,2.48083
XRP/USD,2025-10-15 13:45:00,2.48093,2.48594,2.45579,2.48404
XRP/USD,2025-10-15 14:00:00,2.48463,2.51174,2.48341,2.50384
XRP/USD,2025-10-15 14:15:00,2.5048,2.51117,2.49648,2.49941
XRP/USD,2025-10-15 14:30:00,2.50021,2.5003,2.48,2.48172
XRP/USD,2025-10-15 14:45:00,2.48172,2.48185,2.45378,2.46521
XRP/USD,2025-10-15 15:00:00,2.46548,2.47568,2.45257,2.46461
XRP/USD,2025-10-15 15:15:00,2.46476,2.47099,2.44856,2.45648
XRP/USD,2025-10-15 15:30:00,2.45723,2.46285,2.43176,2.43791
XRP/USD,2025-10-15 15:45:00,2.43636,2.43713,2.42401,2.43331
XRP/USD,2025-10-15 16:00:00,2.43357,2.44678,2.43091,2.4417
XRP/USD,2025-10-15 16:15:00,2.44159,2.44996,2.43147,2.44369
XRP/USD,2025-10-15 16:30:00,2.44388,2.44844,2.43593,2.43858
XRP/USD,2025-10-15 16:45:00,2.43932,2.44924,2.43234,2.43235
XRP/USD,2025-10-15 17:00:00,2.43242,2.43441,2.41757,2.41862
XRP/USD,2025-10-15 17:15:00,2.41754,2.42667,2.4141,2.41827
XRP/USD,2025-10-15 17:30:00,2.41824,2.42532,2.41246,2.42367
XRP/USD,2025-10-15 17:45:00,2.42347,2.43441,2.42283,2.43394
XRP/USD,2025-10-15 18:00:00,2.43424,2.43547,2.42162,2.42739
XRP/USD,2025-10-15 18:15:00,2.4274,2.44121,2.42694,2.43723
XRP/USD,2025-10-15 18:30:00,2.43672,2.44203,2.42749,2.42996
XRP/USD,2025-10-15 18:45:00,2.42989,2.44198,2.42624,2.44106
XRP/USD,2025-10-15 19:00:00,2.44132,2.44132,2.425,2.42826
XRP/USD,2025-10-15 19:15:00,2.42821,2.43644,2.42519,2.43394
XRP/USD,2025-10-15 19:30:00,2.43403,2.43526,2.41424,2.41712
XRP/USD,2025-10-15 19:45:00,2.41575,2.41772,2.4026,2.40564
XRP/USD,2025-10-15 20:00:00,2.40596,2.41751,2.40436,2.41199
XRP/USD,2025-10-15 20:15:00,2.41206,2.42039,2.40021,2.40207
XRP/USD,2025-10-15 20:30:00,2.40176,2.41277,2.37643,2.41168
XRP/USD,2025-10-15 20:45:00,2.41173,2.4162,2.39712,2.39753
XRP/USD,2025-10-15 21:00:00,2.39663,2.40483,2.37571,2.39228
XRP/USD,2025-10-15 21:15:00,2.3925,2.40657,2.38287,2.40379
XRP/USD,2025-10-15 21:30:00,2.40379,2.41568,2.39887,2.40807
XRP/USD,2025-10-15 21:45:00,2.4081,2.41096,2.39056,2.39747
XRP/USD,2025-10-15 22:00:00,2.39876,2.41003,2.39591,2.41003
XRP/USD,2025-10-15 22:15:00,2.41017,2.41442,2.40663,2.40909
XRP/USD,2025-10-15 22:30:00,2.40908,2.41642,2.40864,2.41157
XRP/USD,2025-10-15 22:45:00,2.41165,2.41419,2.40019,2.40431
XRP/USD,2025-10-15 23:00:00,2.40371,2.4069,2.39858,2.40503
XRP/USD,2025-10-15 23:15:00,2.40878,2.41405,2.40084,2.41084
XRP/USD,2025-10-15 23:30:00,2.41228,2.41731,2.40952,2.41402
XRP/USD,2025-10-15 23:45:00,2.41376,2.41583,2.40719,2.41114
XRP/USD,2025-10-16 00:00:00,2.41119,2.41435,2.3996,2.40128
XRP/USD,2025-10-16 00:15:00,2.40128,2.41553,2.40082,2.41356
XRP/USD,2025-10-16 00:30:00,2.41332,2.41363,2.40514,2.40746
XRP/USD,2025-10-16 00:45:00,2.40836,2.41164,2.4047,2.40668
XRP/USD,2025-10-16 01:00:00,2.40609,2.423,2.40569,2.41644
XRP/USD,2025-10-16 01:15:00,2.41619,2.42012,2.41034,2.41318
XRP/USD,2025-10-16 01:30:00,2.41326,2.41881,2.41097,2.41635
XRP/USD,2025-10-16 01:45:00,2.41635,2.42666,2.41327,2.42412
XRP/USD,2025-10-16 02:00:00,2.42477,2.43565,2.41824,2.4268
XRP/USD,2025-10-16 02:15:00,2.42696,2.43059,2.424,2.427
XRP/USD,2025-10-16 02:30:00,2.42708,2.428,2.41287,2.41568
XRP/USD,2025-10-16 02:45:00,2.41553,2.42839,2.41413,2.42748
XRP/USD,2025-10-16 03:00:00,2.42807,2.43223,2.42362,2.42366
XRP/USD,2025-10-16 03:15:00,2.42349,2.42981,2.41972,2.42541
XRP/USD,2025-10-16 03:30:00,2.42547,2.42547,2.41693,2.42054
XRP/USD,2025-10-16 03:45:00,2.42045,2.42375,2.41692,2.41799
XRP/USD,2025-10-16 04:00:00,2.41816,2.42728,2.41667,2.42602
XRP/USD,2025-10-16 04:15:00,2.42614,2.43009,2.42614,2.42801
XRP/USD,2025-10-16 04:30:00,2.42806,2.43031,2.41676,2.41765
XRP/USD,2025-10-16 04:45:00,2.41765,2.41815,2.40921,2.41107
XRP/USD,2025-10-16 05:00:00,2.41162,2.4147,2.40361,2.40955
XRP/USD,2025-10-16 05:15:00,2.4104,2.41185,2.40392,2.40694
XRP/USD,2025-10-16 05:30:00,2.40711,2.42277,2.40671,2.41557
XRP/USD,2025-10-16 05:45:00,2.41583,2.41803,2.39757,2.40638
XRP/USD,2025-10-16 06:00:00,2.40722,2.41605,2.40582,2.41332
XRP/USD,2025-10-16 06:15:00,2.41247,2.41829,2.41051,2.41829
XRP/USD,2025-10-16 06:30:00,2.41807,2.42801,2.41807,2.42253
XRP/USD,2025-10-16 06:45:00,2.42251,2.43297,2.42251,2.42767
XRP/USD,2025-10-16 07:00:00,2.42911,2.42985,2.4209,2.42415
XRP/USD,2025-10-16 07:15:00,2.42313,2.42313,2.40743,2.40775
XRP/USD,2025-10-16 07:30:00,2.40806,2.41336,2.40617,2.41256
XRP/USD,2025-10-16 07:45:00,2.41204,2.41584,2.40746,2.41084
XRP/USD,2025-10-16 08:00:00,2.41037,2.41365,2.40184,2.40607
XRP/USD,2025-10-16 08:15:00,2.40572,2.40799,2.39694,2.39827
XRP/USD,2025-10-16 08:30:00,2.39845,2.40341,2.38545,2.38962
XRP/USD,2025-10-16 08:45:00,2.39026,2.39666,2.38848,2.39502
XRP/USD,2025-10-16 09:00:00,2.39467,2.40266,2.38979,2.39761
XRP/USD,2025-10-16 09:15:00,2.39938,2.4052,2.39552,2.39552
XRP/USD,2025-10-16 09:30:00,2.39517,2.40307,2.3531,2.40186
XRP/USD,2025-10-16 09:45:00,2.40245,2.42996,2.40245,2.42314
XRP/USD,2025-10-16 10:00:00,2.42285,2.44619,2.42185,2.43911
XRP/USD,2025-10-16 10:15:00,2.43915,2.45065,2.43567,2.43811
XRP/USD,2025-10-16 10:30:00,2.43798,2.44606,2.43386,2.4446
XRP/USD,2025-10-16 10:45:00,2.44445,2.45247,2.44422,2.44935
XRP/USD,2025-10-16 11:00:00,2.44874,2.45737,2.44451,2.44839
XRP/USD,2025-10-16 11:15:00,2.44855,2.45034,2.43455,2.43593
XRP/USD,2025-10-16 11:30:00,2.43617,2.44086,2.43216,2.43648
XRP/USD,2025-10-16 11:45:00,2.43645,2.45498,2.43541,2.45247
XRP/USD,2025-10-16 12:00:00,2.45269,2.46295,2.45003,2.45051
XRP/USD,2025-10-16 12:15:00,2.45048,2.45855,2.44931,2.45095
XRP/USD,2025-10-16 12:30:00,2.45297,2.46621,2.4473,2.45924
XRP/USD,2025-10-16 12:45:00,2.45907,2.4613,2.4544,2.45572
XRP/USD,2025-10-16 13:00:00,2.45323,2.458,2.44615,2.4521
XRP/USD,2025-10-16 13:15:00,2.4525,2.45547,2.44049,2.44652
XRP/USD,2025-10-16 13:30:00,2.44625,2.45563,2.44172,2.44935
XRP/USD,2025-10-16 13:45:00,2.44943,2.45492,2.43123,2.43832
XRP/USD,2025-10-16 14:00:00,2.43874,2.44016,2.41742,2.42035
XRP/USD,2025-10-16 14:15:00,2.42023,2.42906,2.38847,2.39496
XRP/USD,2025-10-16 14:30:00,2.39471,2.43793,2.39412,2.4357
XRP/USD,2025-10-16 14:45:00,2.43544,2.43828,2.40286,2.40533
XRP/USD,2025-10-16 15:00:00,2.4046,2.41684,2.3952,2.41644
XRP/USD,2025-10-16 15:15:00,2.41597,2.41831,2.38826,2.39435
XRP/USD,2025-10-16 15:30:00,2.39421,2.40139,2.37572,2.38227
XRP/USD,2025-10-16 15:45:00,2.38119,2.38204,2.34153,2.3554
XRP/USD,2025-10-16 16:00:00,2.35561,2.3682,2.34459,2.35873
XRP/USD,2025-10-16 16:15:00,2.36201,2.3676,2.35145,2.35145
XRP/USD,2025-10-16 16:30:00,2.36357,2.36385,2.34828,2.34887
XRP/USD,2025-10-16 16:45:00,2.36147,2.3992,2.35687,2.39909
XRP/USD,2025-10-16 17:00:00,2.39907,2.39918,2.37515,2.37573
XRP/USD,2025-10-16 17:15:00,2.37583,2.38283,2.37583,2.38071
XRP/USD,2025-10-16 17:30:00,2.38264,2.3857,2.37694,2.3792
XRP/USD,2025-10-16 17:45:00,2.36903,2.37214,2.36347,2.36412
XRP/USD,2025-10-16 18:00:00,2.36721,2.36746,2.35367,2.35367
XRP/USD,2025-10-16 18:15:00,2.339,2.34177,2.3374,2.34113
XRP/USD,2025-10-16 18:30:00,2.33829,2.34388,2.33829,2.33976
XRP/USD,2025-10-16 18:45:00,2.35461,2.36252,2.34419,2.35407
XRP/USD,2025-10-16 19:00:00,2.35187,2.35718,2.33173,2.33193
XRP/USD,2025-10-16 19:15:00,2.33252,2.34134,2.3213,2.33232
XRP/USD,2025-10-16 19:30:00,2.33285,2.33399,2.30842,2.32135
XRP/USD,2025-10-16 19:45:00,2.32199,2.34209,2.31084,2.32736
XRP/USD,2025-10-16 20:00:00,2.32722,2.33628,2.31105,2.31124
XRP/USD,2025-10-16 20:15:00,2.31125,2.31935,2.3,2.30831
XRP/USD,2025-10-16 20:30:00,2.30821,2.30991,2.28506,2.29243
XRP/USD,2025-10-16 20:45:00,2.2924,2.30611,2.28878,2.29494
XRP/USD,2025-10-16 21:00:00,2.29517,2.30998,2.29417,2.30875
XRP/USD,2025-10-16 21:15:00,2.30773,2.31506,2.29987,2.30393
XRP/USD,2025-10-16 21:30:00,2.30393,2.31634,2.30264,2.31227
XRP/USD,2025-10-16 21:45:00,2.31257,2.32301,2.31206,2.32206
XRP/USD,2025-10-16 22:00:00,2.32201,2.32479,2.30829,2.30829
XRP/USD,2025-10-16 22:15:00,2.30909,2.31611,2.30728,2.31276
XRP/USD,2025-10-16 22:30:00,2.31332,2.31665,2.305,2.305
XRP/USD,2025-10-16 22:45:00,2.30527,2.31074,2.30045,2.30065
XRP/USD,2025-10-16 23:00:00,2.30028,2.30874,2.29759,2.3054
XRP/USD,2025-10-16 23:15:00,2.30564,2.32772,2.30564,2.32141
XRP/USD,2025-10-16 23:30:00,2.3222,2.32673,2.31867,2.32546
XRP/USD,2025-10-16 23:45:00,2.32549,2.33197,2.32271,2.32831
XRP/USD,2025-10-17 00:00:00,2.328,2.33194,2.32017,2.33025
XRP/USD,2025-10-17 00:15:00,2.33034,2.33491,2.3282,2.3341
XRP/USD,2025-10-17 00:30:00,2.33296,2.34075,2.3291,2.33466
XRP/USD,2025-10-17 00:45:00,2.33497,2.33852,2.32918,2.33847
XRP/USD,2025-10-17 01:00:00,2.3392,2.39891,2.33754,2.37259
XRP/USD,2025-10-17 01:15:00,2.37218,2.38108,2.35856,2.36756
XRP/USD,2025-10-17 01:30:00,2.3682,2.37249,2.34517,2.34641
XRP/USD,2025-10-17 01:45:00,2.34744,2.35689,2.34189,2.35599
XRP/USD,2025-10-17 02:00:00,2.35712,2.35949,2.34376,2.34926
XRP/USD,2025-10-17 02:15:00,2.34943,2.34943,2.33733,2.34065
XRP/USD,2025-10-17 02:30:00,2.34078,2.35563,2.33808,2.35404
XRP/USD,2025-10-17 02:45:00,2.35471,2.36629,2.35471,2.35805
XRP/USD,2025-10-17 03:00:00,2.35869,2.36715,2.35777,2.36163
