sector_etf,timestamp,open,high,low,close
XLE,2025-10-08 15:45:00,88.955,89.11,88.95,88.97
XLE,2025-10-09 09:30:00,89.16,89.92,89.12,89.605
XLE,2025-10-09 09:45:00,89.61,89.8,88.77,88.793
XLE,2025-10-09 10:00:00,88.79,89.089996,88.72,88.735
XLE,2025-10-09 10:15:00,88.73,88.81,88.385,88.385
XLE,2025-10-09 10:30:00,88.385,88.4,88.155,88.37
XLE,2025-10-09 10:45:00,88.375,88.47,88.255,88.33
XLE,2025-10-09 11:00:00,88.33,88.53,88.27,88.45
XLE,2025-10-09 11:15:00,88.45,88.52,88.31,88.32
XLE,2025-10-09 11:30:00,88.38,88.43,88.275,88.36
XLE,2025-10-09 11:45:00,88.36,88.38,88.26,88.325
XLE,2025-10-09 12:00:00,88.32,88.49,88.32,88.41
XLE,2025-10-09 12:15:00,88.41,88.45,88.3,88.32
XLE,2025-10-09 12:30:00,88.35,88.375,88.145,88.16
XLE,2025-10-09 12:45:00,88.16,88.19,87.915,87.95
XLE,2025-10-09 13:00:00,87.96,88.135,87.95,88.084999
XLE,2025-10-09 13:15:00,88.080002,88.099998,87.91212,87.94
XLE,2025-10-09 13:30:00,87.95,88.13,87.94,88.080002
XLE,2025-10-09 13:45:00,88.089996,88.099998,87.975,88.035004
XLE,2025-10-09 14:00:00,88.010002,88.044998,87.82,87.8501
XLE,2025-10-09 14:15:00,87.85,87.93,87.785,87.84
XLE,2025-10-09 14:30:00,87.84,87.84,87.75,87.78
XLE,2025-10-09 14:45:00,87.78,87.795,87.72,87.755
XLE,2025-10-09 15:00:00,87.755,87.775,87.665,87.7265
XLE,2025-10-09 15:15:00,87.73,87.81,87.705,87.745
XLE,2025-10-09 15:30:00,87.74,87.9269,87.7,87.895
XLE,2025-10-09 15:45:00,87.9,87.93,87.71,87.76
XLE,2025-10-10 09:30:00,87.11,87.48,86.83,87.35
XLE,2025-10-10 09:45:00,87.34,87.55,86.99,87.059998
XLE,2025-10-10 10:00:00,87.040001,87.099998,86.79,86.9413
XLE,2025-10-10 10:15:00,86.94,87.074997,86.73,86.94
XLE,2025-10-10 10:30:00,86.93,87.026703,86.815,86.855
XLE,2025-10-10 10:45:00,86.88,87.26,86.64,86.78
XLE,2025-10-10 11:00:00,86.77,87.155,86.5001,87.155
XLE,2025-10-10 11:15:00,87.15,87.17,86.435,86.53
XLE,2025-10-10 11:30:00,86.52,86.535,86.19,86.5
XLE,2025-10-10 11:45:00,86.5,86.57,86.145,86.195
XLE,2025-10-10 12:00:00,86.135,86.26,85.95,86.245
XLE,2025-10-10 12:15:00,86.24,86.35,86.17,86.345
XLE,2025-10-10 12:30:00,86.335,86.6,86.18,86.21
XLE,2025-10-10 12:45:00,86.21,86.215,85.9965,86.044998
XLE,2025-10-10 13:00:00,86.050003,86.099998,85.815,85.88
XLE,2025-10-10 13:15:00,85.89,85.9357,85.78,85.835
XLE,2025-10-10 13:30:00,85.83,86.15,85.775,86.019997
XLE,2025-10-10 13:45:00,86.025002,86.11,85.98,86.029999
XLE,2025-10-10 14:00:00,86.035004,86.059998,85.82,86.040001
XLE,2025-10-10 14:15:00,86.029999,86.12,85.995,86.029999
XLE,2025-10-10 14:30:00,86.019997,86.059998,85.835,85.835
XLE,2025-10-10 14:45:00,85.845,85.87,85.67,85.6942
XLE,2025-10-10 15:00:00,85.695,85.82,85.62,85.63
XLE,2025-10-10 15:15:00,85.625,85.695,85.535,85.565
XLE,2025-10-10 15:30:00,85.57,85.615,85.375,85.51
XLE,2025-10-10 15:45:00,85.51,85.6,85.19,85.22
XLE,2025-10-13 09:30:00,85.865,86.22,85.66,85.6905
XLE,2025-10-13 09:45:00,85.69,86.29,85.59,86.27
XLE,2025-10-13 10:00:00,86.26,86.34,86.010002,86.050003
XLE,2025-10-13 10:15:00,86.059998,86.165,85.715,85.91
XLE,2025-10-13 10:30:00,85.92,86.089996,85.855,86.014999
XLE,2025-10-13 10:45:00,86.044998,86.055,85.819,86.035004
XLE,2025-10-13 11:00:00,86.040001,86.16,85.85,86.12
XLE,2025-10-13 11:15:00,86.13,86.245,86.040001,86.14
XLE,2025-10-13 11:30:00,86.145,86.2,86.0,86.029999
XLE,2025-10-13 11:45:00,86.029999,86.13,86.0,86.089996
XLE,2025-10-13 12:00:00,86.089996,86.21,86.07,86.185
XLE,2025-10-13 12:15:00,86.19,86.215,86.040001,86.089996
XLE,2025-10-13 12:30:00,86.099998,86.155,86.059998,86.089996
XLE,2025-10-13 12:45:00,86.099998,86.225,86.044998,86.18
XLE,2025-10-13 13:00:00,86.185,86.31,86.18,86.205
XLE,2025-10-13 13:15:00,86.2,86.27,86.095001,86.26
XLE,2025-10-13 13:30:00,86.26,86.38,86.26,86.3358
XLE,2025-10-13 13:45:00,86.335,86.355,86.195,86.27
XLE,2025-10-13 14:00:00,86.2702,86.43,86.265,86.42
XLE,2025-10-13 14:15:00,86.43,86.49,86.37,86.415
XLE,2025-10-13 14:30:00,86.415,86.45,86.26,86.295
XLE,2025-10-13 14:45:00,86.295,86.295,85.94,85.96
XLE,2025-10-13 15:00:00,85.965,86.255,85.9542,86.17
XLE,2025-10-13 15:15:00,86.17,86.26,86.135,86.2487
XLE,2025-10-13 15:30:00,86.24,86.315,86.185,86.315
XLE,2025-10-13 15:45:00,86.315,86.4264,86.31,86.4
XLE,2025-10-14 09:30:00,85.18,85.64,85.06,85.34
XLE,2025-10-14 09:45:00,85.34,85.86,85.32,85.835
XLE,2025-10-14 10:00:00,85.82,85.92,85.64,85.86
XLE,2025-10-14 10:15:00,85.86,86.12,85.79,86.02
XLE,2025-10-14 10:30:00,86.03,86.2,85.99,86.05
XLE,2025-10-14 10:45:00,86.06,86.26,86.035,86.145
XLE,2025-10-14 11:00:00,86.16,86.29,86.08,86.25
XLE,2025-10-14 11:15:00,86.23,86.29,86.08,86.14
XLE,2025-10-14 11:30:00,86.16,86.3,86.045,86.16
XLE,2025-10-14 11:45:00,86.17,86.49,86.17,86.4
XLE,2025-10-14 12:00:00,86.385,86.46,86.37,86.41
XLE,2025-10-14 12:15:00,86.4,86.55,86.39,86.46
XLE,2025-10-14 12:30:00,86.47,86.68,86.47,86.67
XLE,2025-10-14 12:45:00,86.675,86.75,86.575,86.6
XLE,2025-10-14 13:00:00,86.6,86.68,86.585,86.61
XLE,2025-10-14 13:15:00,86.61,86.68,86.59,86.625
XLE,2025-10-14 13:30:00,86.64,86.685,86.57,86.57
XLE,2025-10-14 13:45:00,86.775,86.855,86.755,86.79
XLE,2025-10-14 14:00:00,86.79,86.83,86.63,86.7
XLE,2025-10-14 14:15:00,86.71,86.75,86.61,86.66
XLE,2025-10-14 14:30:00,86.67,86.73,86.64,86.66
XLE,2025-10-14 14:45:00,86.66,86.7,86.66,86.7
XLE,2025-10-14 15:00:00,86.79,86.83,86.69,86.74
XLE,2025-10-14 15:15:00,86.74,86.81,86.685,86.7
XLE,2025-10-14 15:30:00,86.7,86.72,86.24,86.32
XLE,2025-10-14 15:45:00,86.32,86.435,86.27,86.34
XLE,2025-10-15 09:30:00,86.92,87.37,86.73,87.36
XLE,2025-10-15 09:45:00,87.38,87.4,86.935,87.24
XLE,2025-10-15 10:00:00,87.25,87.345,86.98,87.089996
XLE,2025-10-15 10:15:00,87.095001,87.185,86.99,87.014999
XLE,2025-10-15 10:30:00,87.0,87.089996,86.87,86.965
XLE,2025-10-15 10:45:00,86.97,86.97,86.595,86.65
XLE,2025-10-15 11:00:00,86.64,86.82,86.53,86.58
XLE,2025-10-15 11:15:00,86.5851,86.625,86.43,86.555
XLE,2025-10-15 11:30:00,86.54,86.62,86.285,86.37
XLE,2025-10-15 11:45:00,86.375,86.39,86.27,86.27
XLE,2025-10-15 12:00:00,86.265,86.35,86.099998,86.2
XLE,2025-10-15 12:15:00,86.215,86.24,86.051201,86.095001
XLE,2025-10-15 12:30:00,86.1044,86.1899,86.029999,86.1499
XLE,2025-10-15 12:45:00,86.14,86.14,86.029999,86.07
XLE,2025-10-15 13:00:00,86.080002,86.089996,85.76,85.77
XLE,2025-10-15 13:15:00,85.76,86.029999,85.675,85.9
XLE,2025-10-15 13:30:00,85.9,86.089996,85.875,86.059998
XLE,2025-10-15 13:45:00,86.060097,86.13,86.014999,86.089996
XLE,2025-10-15 14:00:00,86.084999,86.2,86.07,86.2
XLE,2025-10-15 14:15:00,86.205,86.23,86.14,86.15
XLE,2025-10-15 14:30:00,86.175,86.31,86.145,86.245
XLE,2025-10-15 14:45:00,86.245,86.41,86.205,86.4
XLE,2025-10-15 15:00:00,86.405,86.415,86.235,86.3
XLE,2025-10-15 15:15:00,86.3001,86.41,86.3001,86.3701
XLE,2025-10-15 15:30:00,86.375,86.4,86.235,86.315
XLE,2025-10-15 15:45:00,86.315,86.38,86.2504,86.32
XLE,2025-10-16 09:30:00,86.52,86.69,86.22,86.28
XLE,2025-10-16 09:45:00,86.27,86.36,85.91,86.05
XLE,2025-10-16 10:00:00,86.04,86.24,85.995,86.02
XLE,2025-10-16 10:15:00,86.01,86.26,86.0,86.195
XLE,2025-10-16 10:30:00,86.215,86.26,86.125,86.19
XLE,2025-10-16 10:45:00,86.18,86.205,85.975,86.19
XLE,2025-10-16 11:00:00,86.22,86.54,86.2,86.54
XLE,2025-10-16 11:15:00,86.535,86.555,86.05,86.05
XLE,2025-10-16 11:30:00,86.04,86.09,85.905,85.935
XLE,2025-10-16 11:45:00,85.925,86.07,85.89,86.01
XLE,2025-10-16 12:00:00,86.04,86.12,85.96,86.01
XLE,2025-10-16 12:15:00,86.01,86.04,85.83,85.88
XLE,2025-10-16 12:30:00,85.805,85.805,85.49,85.63
XLE,2025-10-16 12:45:00,85.63,85.695,85.51,85.6
XLE,2025-10-16 13:00:00,85.81,85.865,85.52,85.6
XLE,2025-10-16 13:15:00,85.585,85.77,85.5,85.6
XLE,2025-10-16 13:30:00,85.615,85.64,85.22,85.27
XLE,2025-10-16 13:45:00,85.3,85.32,85.28,85.285
XLE,2025-10-16 14:00:00,85.2,85.205,85.13,85.15
XLE,2025-10-16 14:15:00,84.83,84.92,84.7,84.815
XLE,2025-10-16 14:30:00,84.91,85.02,84.87,84.99
XLE,2025-10-16 14:45:00,85.18,85.2299,85.080002,85.215
XLE,2025-10-16 15:00:00,85.22,85.26,85.089996,85.15
XLE,2025-10-16 15:15:00,85.15,85.16,84.89,84.985
XLE,2025-10-16 15:30:00,84.985,85.084999,84.905,85.010002
XLE,2025-10-16 15:45:00,85.0049973,85.412,85.0049973,85.31
XLE,2025-10-17 09:30:00,85.64,86.16,85.315,85.69
XLE,2025-10-17 09:45:00,85.67,85.795,85.43,85.44
XLE,2025-10-17 10:00:00,85.42,85.725,85.29,85.71
XLE,2025-10-17 10:15:00,85.715,85.82,85.56,85.725
XLE,2025-10-17 10:30:00,85.725,85.755,85.45,85.6
XLE,2025-10-17 10:45:00,85.595,85.735,85.49,85.51
XLE,2025-10-17 11:00:00,85.51,85.84,85.45,85.45
XLE,2025-10-17 11:15:00,85.45,85.77,85.43,85.75
XLE,2025-10-17 11:30:00,85.755,86.125,85.755,86.099998
XLE,2025-10-17 11:45:00,86.099998,86.15,86.044998,86.07
XLE,2025-10-17 12:00:00,86.080002,86.16,86.0,86.029297
XLE,2025-10-17 12:15:00,86.040001,86.1357,85.895,85.94
XLE,2025-10-17 12:30:00,85.93,85.96,85.85,85.87
XLE,2025-10-17 12:45:00,85.865,85.98,85.72,85.795
XLE,2025-10-17 13:00:00,85.785,85.83,85.66,85.73
XLE,2025-10-17 13:15:00,85.73,85.75,85.615,85.645
XLE,2025-10-17 13:30:00,85.64,85.73,85.595,85.595
XLE,2025-10-17 13:45:00,85.5975,85.83,85.56,85.81
XLE,2025-10-17 14:00:00,85.81,85.96,85.81,85.8558
XLE,2025-10-17 14:15:00,85.86,85.985,85.86,85.885
XLE,2025-10-17 14:30:00,85.885,85.985,85.88,85.925
XLE,2025-10-17 14:45:00,85.925,86.010002,85.91,85.94
XLE,2025-10-17 15:00:00,85.95,86.010002,85.89,85.95
XLE,2025-10-17 15:15:00,85.95,86.014999,85.9,85.935
XLE,2025-10-17 15:30:00,85.93,85.9858,85.845,85.975
XLE,2025-10-17 15:45:00,85.975,86.0,85.88,85.97
XLF,2025-10-08 15:45:00,53.57,53.605,53.48,53.51
XLF,2025-10-09 09:30:00,53.625,53.81,53.55,53.6199
XLF,2025-10-09 09:45:00,53.62,53.67,53.355,53.37
XLF,2025-10-09 10:00:00,53.37,53.5103,53.33,53.475
XLF,2025-10-09 10:15:00,53.48,53.48,53.34,53.365
XLF,2025-10-09 10:30:00,53.36,53.4,53.33,53.36
XLF,2025-10-09 10:45:00,53.35,53.4,53.3,53.36
XLF,2025-10-09 11:00:00,53.365,53.425,53.33,53.425
XLF,2025-10-09 11:15:00,53.425,53.47,53.37,53.37
XLF,2025-10-09 11:30:00,53.375,53.42,53.34,53.355
XLF,2025-10-09 11:45:00,53.355,53.4,53.325,53.375
XLF,2025-10-09 12:00:00,53.3762,53.4,53.3,53.31
XLF,2025-10-09 12:15:00,53.31,53.36,53.28,53.325
XLF,2025-10-09 12:30:00,53.325,53.36,53.28,53.315
XLF,2025-10-09 12:45:00,53.3199,53.37,53.24,53.245
XLF,2025-10-09 13:00:00,53.245,53.28,53.2,53.27
XLF,2025-10-09 13:15:00,53.275,53.3,53.2545,53.275
XLF,2025-10-09 13:30:00,53.275,53.345,53.265,53.29
XLF,2025-10-09 13:45:00,53.29,53.32,53.275,53.29
XLF,2025-10-09 14:00:00,53.29,53.295,53.19,53.2293
XLF,2025-10-09 14:15:00,53.22,53.31,53.22,53.265
XLF,2025-10-09 14:30:00,53.2635,53.265,53.19,53.2175
XLF,2025-10-09 14:45:00,53.21,53.23,53.19,53.2172
XLF,2025-10-09 15:00:00,53.215,53.265,53.205,53.25
XLF,2025-10-09 15:15:00,53.255,53.26,53.22,53.225
XLF,2025-10-09 15:30:00,53.2235,53.32,53.21,53.315
XLF,2025-10-09 15:45:00,53.315,53.3433,53.26,53.32
XLF,2025-10-10 09:30:00,53.46,53.6699,53.43,53.665
XLF,2025-10-10 09:45:00,53.665,53.6799,53.44,53.45
XLF,2025-10-10 10:00:00,53.45,53.485,53.34,53.38
XLF,2025-10-10 10:15:00,53.38,53.51,53.3,53.435
XLF,2025-10-10 10:30:00,53.44,53.47,53.32,53.345
XLF,2025-10-10 10:45:00,53.34,53.42,52.935,53.060001
XLF,2025-10-10 11:00:00,53.049999,53.21,52.845,53.185
XLF,2025-10-10 11:15:00,53.185,53.22,52.77,52.84
XLF,2025-10-10 11:30:00,52.83,52.835,52.56,52.82
XLF,2025-10-10 11:45:00,52.81,52.87,52.585,52.64
XLF,2025-10-10 12:00:00,52.63,52.7299,52.515,52.7
XLF,2025-10-10 12:15:00,52.7,52.76,52.625,52.675
XLF,2025-10-10 12:30:00,52.68,52.805,52.66,52.6801
XLF,2025-10-10 12:45:00,52.68,52.7299,52.57,52.6
XLF,2025-10-10 13:00:00,52.59,52.625,52.47,52.52
XLF,2025-10-10 13:15:00,52.52,52.6,52.51,52.58
XLF,2025-10-10 13:30:00,52.56,52.69,52.53,52.59
XLF,2025-10-10 13:45:00,52.59,52.62,52.52,52.615
XLF,2025-10-10 14:00:00,52.62,52.625,52.534,52.625
XLF,2025-10-10 14:15:00,52.62,52.645,52.555,52.59
XLF,2025-10-10 14:30:00,52.58,52.605,52.48,52.485
XLF,2025-10-10 14:45:00,52.48,52.515,52.44,52.455
XLF,2025-10-10 15:00:00,52.455,52.54,52.39,52.395
XLF,2025-10-10 15:15:00,52.395,52.46,52.32,52.35
XLF,2025-10-10 15:30:00,52.345,52.38,52.21,52.375
XLF,2025-10-10 15:45:00,52.375,52.45,52.16,52.18
XLF,2025-10-13 09:30:00,52.55,52.775,52.5301,52.64
XLF,2025-10-13 09:45:00,52.64,52.725,52.535,52.69
XLF,2025-10-13 10:00:00,52.685,52.72,52.453,52.515
XLF,2025-10-13 10:15:00,52.52,52.61,52.365,52.43625
XLF,2025-10-13 10:30:00,52.44,52.6,52.34,52.59
XLF,2025-10-13 10:45:00,52.585,52.5995,52.48,52.515
XLF,2025-10-13 11:00:00,52.515,52.63,52.47,52.615
XLF,2025-10-13 11:15:00,52.61,52.715,52.5898,52.695
XLF,2025-10-13 11:30:00,52.7,52.765,52.65,52.6599
XLF,2025-10-13 11:45:00,52.66,52.72,52.64,52.665
XLF,2025-10-13 12:00:00,52.67,52.72,52.635,52.7
XLF,2025-10-13 12:15:00,52.705,52.765,52.655,52.72
XLF,2025-10-13 12:30:00,52.72,52.755,52.7,52.725
XLF,2025-10-13 12:45:00,52.725,52.77,52.69,52.76
XLF,2025-10-13 13:00:00,52.76,52.79,52.695,52.705
XLF,2025-10-13 13:15:00,52.705,52.72,52.6645,52.6711
XLF,2025-10-13 13:30:00,52.67,52.69,52.625,52.645
XLF,2025-10-13 13:45:00,52.645,52.7,52.605,52.695
XLF,2025-10-13 14:00:00,52.695,52.79,52.6903,52.7355
XLF,2025-10-13 14:15:00,52.73,52.785,52.73,52.775
XLF,2025-10-13 14:30:00,52.775,52.815,52.66,52.685
XLF,2025-10-13 14:45:00,52.685,52.6899,52.5435,52.575
XLF,2025-10-13 15:00:00,52.58,52.67,52.565,52.635
XLF,2025-10-13 15:15:00,52.635,52.71,52.625,52.69
XLF,2025-10-13 15:30:00,52.685,52.7599,52.685,52.745
XLF,2025-10-13 15:45:00,52.745,52.755,52.65,52.6565
XLF,2025-10-14 09:30:00,52.445,52.59,52.28,52.3
XLF,2025-10-14 09:45:00,52.285,52.54,52.25,52.51
XLF,2025-10-14 10:00:00,52.505,52.79,52.49,52.77
XLF,2025-10-14 10:15:00,52.755,52.885,52.72,52.845
XLF,2025-10-14 10:30:00,52.835,52.99,52.81,52.96
XLF,2025-10-14 10:45:00,52.965,52.99,52.91,52.96
XLF,2025-10-14 11:00:00,52.955,52.99,52.905,52.92
XLF,2025-10-14 11:15:00,52.905,52.99,52.88,52.88
XLF,2025-10-14 11:30:00,52.885,53.05,52.885,53.045
XLF,2025-10-14 11:45:00,53.04,53.2,53.04,53.19
XLF,2025-10-14 12:00:00,53.195,53.2,53.09,53.14
XLF,2025-10-14 12:15:00,53.135,53.25,53.13,53.18
XLF,2025-10-14 12:30:00,53.185,53.3,53.175,53.29
XLF,2025-10-14 12:45:00,53.285,53.39,53.285,53.335
XLF,2025-10-14 13:00:00,53.315,53.41,53.275,53.4
XLF,2025-10-14 13:15:00,53.395,53.5,53.385,53.495
XLF,2025-10-14 13:30:00,53.495,53.51,53.465,53.465
XLF,2025-10-14 13:45:00,53.575,53.65,53.545,53.585
XLF,2025-10-14 14:00:00,53.595,53.6,53.525,53.55
XLF,2025-10-14 14:15:00,53.555,53.57,53.47,53.49
XLF,2025-10-14 14:30:00,53.5,53.51,53.425,53.425
XLF,2025-10-14 14:45:00,53.435,53.44,53.425,53.435
XLF,2025-10-14 15:00:00,53.4856,53.525,53.435,53.46
XLF,2025-10-14 15:15:00,53.46,53.52,53.455,53.475
XLF,2025-10-14 15:30:00,53.47,53.48,53.14,53.18
XLF,2025-10-14 15:45:00,53.18,53.28,53.15,53.25
XLF,2025-10-15 09:30:00,53.43,53.66,53.43,53.57
XLF,2025-10-15 09:45:00,53.605,53.685,53.49,53.59
XLF,2025-10-15 10:00:00,53.59,53.685,53.59,53.64
XLF,2025-10-15 10:15:00,53.635,53.73,53.635,53.715
XLF,2025-10-15 10:30:00,53.715,53.76,53.57,53.66
XLF,2025-10-15 10:45:00,53.6585,53.6585,53.52,53.56
XLF,2025-10-15 11:00:00,53.56,53.5799,53.44,53.485
XLF,2025-10-15 11:15:00,53.49,53.55,53.45,53.535
XLF,2025-10-15 11:30:00,53.53,53.5487,53.28,53.325
XLF,2025-10-15 11:45:00,53.33,53.42,53.26,53.4
XLF,2025-10-15 12:00:00,53.41,53.43,53.33,53.39
XLF,2025-10-15 12:15:00,53.395,53.48,53.36,53.395
XLF,2025-10-15 12:30:00,53.3918,53.4,53.2937,53.325
XLF,2025-10-15 12:45:00,53.325,53.325,53.22,53.225
XLF,2025-10-15 13:00:00,53.23,53.23,52.93,52.94
XLF,2025-10-15 13:15:00,52.93,53.0951,52.855,53.014999
XLF,2025-10-15 13:30:00,53.0099983,53.175,52.995,53.1735
XLF,2025-10-15 13:45:00,53.17,53.26,53.15,53.235
XLF,2025-10-15 14:00:00,53.235,53.255,53.14,53.185
XLF,2025-10-15 14:15:00,53.185,53.2267,53.16,53.165
XLF,2025-10-15 14:30:00,53.185,53.23,53.16,53.1997
XLF,2025-10-15 14:45:00,53.1803,53.26,53.15,53.255
XLF,2025-10-15 15:00:00,53.26,53.26,53.135,53.1799
XLF,2025-10-15 15:15:00,53.172,53.24,53.17,53.1901
XLF,2025-10-15 15:30:00,53.19,53.21,53.135,53.2
XLF,2025-10-15 15:45:00,53.195,53.25574,53.13,53.23
XLF,2025-10-16 09:30:00,53.065,53.115,52.895,52.9
XLF,2025-10-16 09:45:00,52.9,52.96,52.67,52.68
XLF,2025-10-16 10:00:00,52.68,52.77,52.545,52.545
XLF,2025-10-16 10:15:00,52.55,52.74,52.52,52.68
XLF,2025-10-16 10:30:00,52.685,52.82,52.65,52.81
XLF,2025-10-16 10:45:00,52.805,52.825,52.74,52.77
XLF,2025-10-16 11:00:00,52.775,52.84,52.76,52.79
XLF,2025-10-16 11:15:00,52.79,52.83,52.62,52.645
XLF,2025-10-16 11:30:00,52.635,52.74,52.605,52.635
XLF,2025-10-16 11:45:00,52.64,52.64,52.49,52.52
XLF,2025-10-16 12:00:00,52.525,52.595,52.45,52.54
XLF,2025-10-16 12:15:00,52.55,52.575,52.41,52.475
XLF,2025-10-16 12:30:00,52.355,52.355,52.14,52.18
XLF,2025-10-16 12:45:00,52.185,52.25,52.08,52.17
XLF,2025-10-16 13:00:00,52.29,52.32,52.15,52.19
XLF,2025-10-16 13:15:00,52.18,52.34,52.175,52.29
XLF,2025-10-16 13:30:00,52.295,52.32,52.11,52.15
XLF,2025-10-16 13:45:00,52.155,52.185,52.075,52.09
XLF,2025-10-16 14:00:00,52.095,52.1,52.06,52.07
XLF,2025-10-16 14:15:00,51.78,51.885,51.715,51.8
XLF,2025-10-16 14:30:00,51.795,51.83,51.67,51.8
XLF,2025-10-16 14:45:00,51.925,51.97,51.82,51.875
XLF,2025-10-16 15:00:00,51.875,51.885,51.74,51.75
XLF,2025-10-16 15:15:00,51.745,51.76,51.6043,51.65
XLF,2025-10-16 15:30:00,51.65,51.68,51.54,51.635
XLF,2025-10-16 15:45:00,51.635,51.82,51.6301,51.75
XLF,2025-10-17 09:30:00,51.9,52.040001,51.73,51.785
XLF,2025-10-17 09:45:00,51.785,52.115,51.75,51.9555
XLF,2025-10-17 10:00:00,51.95,52.21,51.875,52.195
XLF,2025-10-17 10:15:00,52.19,52.22,52.0099983,52.080002
XLF,2025-10-17 10:30:00,52.075001,52.095001,51.92,51.99
XLF,2025-10-17 10:45:00,51.99,52.089901,51.88,51.89
XLF,2025-10-17 11:00:00,51.895,52.09,51.88,51.921
XLF,2025-10-17 11:15:00,51.92,52.0099983,51.89,51.995
XLF,2025-10-17 11:30:00,51.9997,52.07,51.915,52.029999
XLF,2025-10-17 11:45:00,52.025002,52.16,52.0,52.12
XLF,2025-10-17 12:00:00,52.13,52.22,52.1144,52.16
XLF,2025-10-17 12:15:00,52.165,52.2151,52.1244,52.1655
XLF,2025-10-17 12:30:00,52.16,52.195,52.070099,52.095001
XLF,2025-10-17 12:45:00,52.095001,52.15,51.99,52.049999
XLF,2025-10-17 13:00:00,52.0522,52.064999,51.99,52.040001
XLF,2025-10-17 13:15:00,52.040001,52.089699,51.97,52.044998
XLF,2025-10-17 13:30:00,52.044998,52.1355,52.0099983,52.040001
XLF,2025-10-17 13:45:00,52.035,52.14,52.0,52.135
XLF,2025-10-17 14:00:00,52.13,52.236,52.13,52.1941
XLF,2025-10-17 14:15:00,52.2,52.27,52.19,52.2401
XLF,2025-10-17 14:30:00,52.25,52.31,52.245,52.265
XLF,2025-10-17 14:45:00,52.265,52.3,52.25,52.265
XLF,2025-10-17 15:00:00,52.265,52.32,52.25,52.295
XLF,2025-10-17 15:15:00,52.3,52.36,52.28,52.29
XLF,2025-10-17 15:30:00,52.29,52.31,52.24,52.2693
XLF,2025-10-17 15:45:00,52.265,52.285,52.17,52.19
XLI,2025-10-08 15:45:00,155.58,155.74001,155.50999,155.57001
XLI,2025-10-09 09:30:00,155.75,155.94,155.50999,155.52
XLI,2025-10-09 09:45:00,155.52,155.575,154.42999,154.42999
XLI,2025-10-09 10:00:00,154.42999,154.62,154.245,154.515
XLI,2025-10-09 10:15:00,154.5193,154.62,154.065002,154.11501
XLI,2025-10-09 10:30:00,154.12,154.235,153.96001,153.96001
XLI,2025-10-09 10:45:00,153.95,154.255,153.86,154.19
XLI,2025-10-09 11:00:00,154.21001,154.265,154.11,154.145
XLI,2025-10-09 11:15:00,154.145,154.265,153.98,153.98
XLI,2025-10-09 11:30:00,154.0099945,154.11,153.84,153.86501
XLI,2025-10-09 11:45:00,153.87,154.17999,153.85001,154.089996
XLI,2025-10-09 12:00:00,154.10001,154.11,153.87,153.91
XLI,2025-10-09 12:15:00,153.89999,154.020004,153.83,153.89999
XLI,2025-10-09 12:30:00,153.89999,153.965,153.82001,153.92
XLI,2025-10-09 12:45:00,153.92999,154.014999,153.625,153.645
XLI,2025-10-09 13:00:00,153.64999,153.72501,153.50999,153.645
XLI,2025-10-09 13:15:00,153.64,153.73,153.47,153.52499
XLI,2025-10-09 13:30:00,153.53,153.77,153.47,153.64999
XLI,2025-10-09 13:45:00,153.64999,153.75999,153.61,153.64999
XLI,2025-10-09 14:00:00,153.66,153.7,153.36,153.48
XLI,2025-10-09 14:15:00,153.47,153.61,153.35001,153.38
XLI,2025-10-09 14:30:00,153.37,153.37,153.19501,153.24001
XLI,2025-10-09 14:45:00,153.17999,153.24001,153.080002,153.14
XLI,2025-10-09 15:00:00,153.14,153.255,153.089996,153.2
XLI,2025-10-09 15:15:00,153.21001,153.38499,153.14,153.345
XLI,2025-10-09 15:30:00,153.345,153.44501,153.265,153.44
XLI,2025-10-09 15:45:00,153.44501,153.50999,153.235,153.32001
XLI,2025-10-10 09:30:00,153.7,154.13,153.49001,153.99001
XLI,2025-10-10 09:45:00,153.985,154.2,153.745,153.88
XLI,2025-10-10 10:00:00,153.88,153.92,153.42999,153.58501
XLI,2025-10-10 10:15:00,153.58501,153.67999,153.31,153.44501
XLI,2025-10-10 10:30:00,153.45,153.5,153.16,153.25
XLI,2025-10-10 10:45:00,153.25,153.5199,152.19,152.50999
XLI,2025-10-10 11:00:00,152.47,152.77,151.72,152.66
XLI,2025-10-10 11:15:00,152.63,152.73,151.50999,151.66
XLI,2025-10-10 11:30:00,151.66,151.78999,150.92999,151.77
XLI,2025-10-10 11:45:00,151.75999,152.050003,151.25,151.44
XLI,2025-10-10 12:00:00,151.42999,151.53999,151.020004,151.53999
XLI,2025-10-10 12:15:00,151.53999,151.78999,151.3,151.56
XLI,2025-10-10 12:30:00,151.55,151.85001,151.48,151.56
XLI,2025-10-10 12:45:00,151.55,151.58,151.23,151.25
XLI,2025-10-10 13:00:00,151.23,151.35001,150.87,151.0099945
XLI,2025-10-10 13:15:00,151.020004,151.32001,150.89999,151.3
XLI,2025-10-10 13:30:00,151.28999,151.77499,151.2,151.41
XLI,2025-10-10 13:45:00,151.4044,151.49001,151.21001,151.42999
XLI,2025-10-10 14:00:00,151.25999,151.395,151.17,151.38
XLI,2025-10-10 14:15:00,151.37,151.45,151.23,151.245
XLI,2025-10-10 14:30:00,151.24001,151.33,150.89999,150.92
XLI,2025-10-10 14:45:00,150.92999,151.029999,150.64999,150.69501
XLI,2025-10-10 15:00:00,150.69,150.89999,150.48421,150.58
XLI,2025-10-10 15:15:00,150.57001,150.75999,150.35001,150.44501
XLI,2025-10-10 15:30:00,150.45,150.52499,150.080002,150.52
XLI,2025-10-10 15:45:00,150.53,150.7,149.89,149.94
XLI,2025-10-13 09:30:00,151.0,151.45,150.94,151.080002
XLI,2025-10-13 09:45:00,151.059998,151.72,151.014999,151.7
XLI,2025-10-13 10:00:00,151.69,151.83501,151.33,151.45
XLI,2025-10-13 10:15:00,151.46001,151.69,150.83,151.059998
XLI,2025-10-13 10:30:00,151.070007,151.39999,150.88,151.21001
XLI,2025-10-13 10:45:00,151.25,151.25999,150.83501,150.9102
XLI,2025-10-13 11:00:00,150.91,151.17529,150.685,151.17439
XLI,2025-10-13 11:15:00,151.17,151.62,151.16,151.56
XLI,2025-10-13 11:30:00,151.55,151.7,151.425,151.47
XLI,2025-10-13 11:45:00,151.47,151.7,151.47,151.6501
XLI,2025-10-13 12:00:00,151.66,151.88,151.59,151.825
XLI,2025-10-13 12:15:00,151.84,151.92999,151.605,151.78999
XLI,2025-10-13 12:30:00,151.78999,151.82001,151.69,151.75
XLI,2025-10-13 12:45:00,151.74001,152.039993,151.72,151.99001
XLI,2025-10-13 13:00:00,152.0,152.039993,151.81,151.81
XLI,2025-10-13 13:15:00,151.82001,151.955,151.69,151.81
XLI,2025-10-13 13:30:00,151.81,151.86,151.64,151.66499
XLI,2025-10-13 13:45:00,151.66,151.7,151.5,151.67
XLI,2025-10-13 14:00:00,151.67,151.875,151.66499,151.74001
XLI,2025-10-13 14:15:00,151.745,151.925,151.745,151.895
XLI,2025-10-13 14:30:00,151.89999,151.995,151.56,151.64
XLI,2025-10-13 14:45:00,151.645,151.64999,151.16,151.205
XLI,2025-10-13 15:00:00,151.2,151.36,151.11,151.14999
XLI,2025-10-13 15:15:00,151.145,151.505,151.12,151.39999
XLI,2025-10-13 15:30:00,151.39,151.545,151.32001,151.495
XLI,2025-10-13 15:45:00,151.5,151.595,151.42999,151.46001
XLI,2025-10-14 09:30:00,150.21,150.51,150.02,150.12
XLI,2025-10-14 09:45:00,150.12,151.25,150.01,151.23
XLI,2025-10-14 10:00:00,151.23,151.59,151.14,151.58
XLI,2025-10-14 10:15:00,151.6,151.7,151.4,151.67
XLI,2025-10-14 10:30:00,151.64,151.84,151.56,151.78
XLI,2025-10-14 10:45:00,151.77,152.01,151.74,151.96
XLI,2025-10-14 11:00:00,151.98,152.355,151.98,152.19
XLI,2025-10-14 11:15:00,152.2,152.335,152.12,152.215
XLI,2025-10-14 11:30:00,152.215,152.595,152.205,152.52
XLI,2025-10-14 11:45:00,152.54,153.0,152.54,152.9
XLI,2025-10-14 12:00:00,152.915,152.925,152.76,152.92
XLI,2025-10-14 12:15:00,152.915,153.38,152.89,153.31
XLI,2025-10-14 12:30:00,153.32,153.45,153.27,153.415
XLI,2025-10-14 12:45:00,153.46,153.75,153.46,153.52
XLI,2025-10-14 13:00:00,153.51,153.66,153.38,153.6
XLI,2025-10-14 13:15:00,153.64,153.64,153.5,153.56
XLI,2025-10-14 13:30:00,153.55,153.57,153.5,153.5
XLI,2025-10-14 13:45:00,153.675,153.825,153.61,153.73
XLI,2025-10-14 14:00:00,153.75,153.84,153.675,153.78
XLI,2025-10-14 14:15:00,153.78,153.835,153.65,153.8
XLI,2025-10-14 14:30:00,153.76,153.84,153.65,153.75
XLI,2025-10-14 14:45:00,153.75,153.8,153.75,153.79
XLI,2025-10-14 15:00:00,153.82001,153.92999,153.75,153.8
XLI,2025-10-14 15:15:00,153.81,153.875,153.745,153.78999
XLI,2025-10-14 15:30:00,153.78,153.8,152.85001,152.98
XLI,2025-10-14 15:45:00,152.98,153.315,152.88,153.24001
XLI,2025-10-15 09:30:00,153.78999,154.39999,153.75999,154.25
XLI,2025-10-15 09:45:00,154.28,154.39,153.995,154.25
XLI,2025-10-15 10:00:00,154.265,154.64999,154.24001,154.425
XLI,2025-10-15 10:15:00,154.42999,154.50999,154.21001,154.31
XLI,2025-10-15 10:30:00,154.32001,154.355,153.89999,154.0099945
XLI,2025-10-15 10:45:00,154.020004,154.020004,153.8,153.91
XLI,2025-10-15 11:00:00,153.92999,153.98,153.75,153.78999
XLI,2025-10-15 11:15:00,153.78999,153.82001,153.56,153.56
XLI,2025-10-15 11:30:00,153.56,153.58,152.71001,152.89
XLI,2025-10-15 11:45:00,152.89,152.905,152.42,152.72
XLI,2025-10-15 12:00:00,152.71001,152.84,152.42999,152.53999
XLI,2025-10-15 12:15:00,152.52,152.78,152.39,152.53
XLI,2025-10-15 12:30:00,152.53,152.58,152.35001,152.536
XLI,2025-10-15 12:45:00,152.535,152.535,152.27499,152.33
XLI,2025-10-15 13:00:00,152.34,152.34,151.46001,151.465
XLI,2025-10-15 13:15:00,151.465,152.024994,151.25999,151.8
XLI,2025-10-15 13:30:00,151.78999,152.22,151.74001,152.22
XLI,2025-10-15 13:45:00,152.215,152.59,152.21001,152.56
XLI,2025-10-15 14:00:00,152.53999,152.61501,152.42,152.595
XLI,2025-10-15 14:15:00,152.59,152.66,152.38,152.39999
XLI,2025-10-15 14:30:00,152.39,152.675,152.37,152.60001
XLI,2025-10-15 14:45:00,152.59,152.78999,152.52,152.75999
XLI,2025-10-15 15:00:00,152.75999,152.80499,152.63,152.74001
XLI,2025-10-15 15:15:00,152.75,152.87,152.74001,152.75
XLI,2025-10-15 15:30:00,152.755,152.77,152.44,152.67999
XLI,2025-10-15 15:45:00,152.685,152.7,152.375,152.59
XLI,2025-10-16 09:30:00,153.25,153.27,152.505,152.51
XLI,2025-10-16 09:45:00,152.54,152.68,152.07,152.26
XLI,2025-10-16 10:00:00,152.28,152.47,151.78,151.86
XLI,2025-10-16 10:15:00,151.87,152.33,151.84,152.25
XLI,2025-10-16 10:30:00,152.255,152.555,152.14,152.535
XLI,2025-10-16 10:45:00,152.5,152.505,152.095,152.11
XLI,2025-10-16 11:00:00,152.11,152.72,152.11,152.72
XLI,2025-10-16 11:15:00,152.71,152.82,152.05,152.14
XLI,2025-10-16 11:30:00,152.08,152.35,151.89,152.03
XLI,2025-10-16 11:45:00,152.01,152.04,151.69,151.77
XLI,2025-10-16 12:00:00,151.76,152.04,151.67,151.94
XLI,2025-10-16 12:15:00,151.935,152.03,151.575,151.76
XLI,2025-10-16 12:30:00,151.51,151.51,150.97,151.25
XLI,2025-10-16 12:45:00,151.25,151.54,151.05,151.44
XLI,2025-10-16 13:00:00,151.745,151.81,151.38,151.67
XLI,2025-10-16 13:15:00,151.66,152.075,151.63,151.895
XLI,2025-10-16 13:30:00,151.875,151.96,151.51,151.615
XLI,2025-10-16 13:45:00,151.615,151.615,151.51,151.51
XLI,2025-10-16 14:00:00,151.625,151.67,151.53,151.545
XLI,2025-10-16 14:15:00,151.02,151.25,150.85,151.16
XLI,2025-10-16 14:30:00,151.035,151.24,150.86,151.155
XLI,2025-10-16 14:45:00,151.425,151.62,151.38,151.59
XLI,2025-10-16 15:00:00,151.58,151.6958,151.36501,151.38
XLI,2025-10-16 15:15:00,151.39,151.435,151.089996,151.265
XLI,2025-10-16 15:30:00,151.25999,151.41,151.12,151.34
XLI,2025-10-16 15:45:00,151.33501,151.705,151.3,151.63
XLI,2025-10-17 09:30:00,151.44,152.35001,151.27,151.84
XLI,2025-10-17 09:45:00,151.83,152.24001,151.69,151.69
XLI,2025-10-17 10:00:00,151.69,152.13,151.405,152.070007
XLI,2025-10-17 10:15:00,152.059998,152.2,151.55,151.64
XLI,2025-10-17 10:30:00,151.63,151.67999,151.19,151.36
XLI,2025-10-17 10:45:00,151.37,151.69,151.28,151.35001
XLI,2025-10-17 11:00:00,151.36,151.72,151.17,151.17
XLI,2025-10-17 11:15:00,151.16,151.28999,150.99451,151.21001
XLI,2025-10-17 11:30:00,151.22,151.56,150.99001,151.46001
XLI,2025-10-17 11:45:00,151.45,151.97,151.41,151.8
XLI,2025-10-17 12:00:00,151.82001,151.97,151.78999,151.9001
XLI,2025-10-17 12:15:00,151.92,152.029999,151.75999,151.84
XLI,2025-10-17 12:30:00,151.82001,151.92,151.56,151.60001
XLI,2025-10-17 12:45:00,151.61,151.85001,151.39,151.55
XLI,2025-10-17 13:00:00,151.53999,151.61,151.38499,151.44501
XLI,2025-10-17 13:15:00,151.45,151.465,151.1375,151.265
XLI,2025-10-17 13:30:00,151.25999,151.60001,151.22501,151.25999
XLI,2025-10-17 13:45:00,151.25,151.61501,151.16,151.55499
XLI,2025-10-17 14:00:00,151.55,151.78999,151.53999,151.64
XLI,2025-10-17 14:15:00,151.64,151.89,151.64,151.80499
XLI,2025-10-17 14:30:00,151.80499,151.925,151.745,151.86
XLI,2025-10-17 14:45:00,151.85001,151.98,151.82001,151.85001
XLI,2025-10-17 15:00:00,151.855,152.105,151.83501,152.070007
XLI,2025-10-17 15:15:00,152.059998,152.185,151.97,151.985
XLI,2025-10-17 15:30:00,151.98,151.995,151.83,151.91499
XLI,2025-10-17 15:45:00,151.91,151.96001,151.67999,151.72
XLK,2025-10-08 15:45:00,290.17001,290.70001,290.10999,290.63
XLK,2025-10-09 09:30:00,290.56,290.82001,289.67001,289.76001
XLK,2025-10-09 09:45:00,289.75,290.405,289.56009,290.13
XLK,2025-10-09 10:00:00,290.10999,290.32001,289.81,290.23001
XLK,2025-10-09 10:15:00,290.13,290.19,289.66,289.92999
XLK,2025-10-09 10:30:00,289.91,289.91,289.14999,289.22
XLK,2025-10-09 10:45:00,289.19,290.19,289.089996,290.12
XLK,2025-10-09 11:00:00,290.19,290.56,290.14001,290.35001
XLK,2025-10-09 11:15:00,290.35999,290.54999,289.62,289.7027
XLK,2025-10-09 11:30:00,289.69,289.82999,289.35999,289.73999
XLK,2025-10-09 11:45:00,289.79999,290.35001,289.79001,290.17001
XLK,2025-10-09 12:00:00,290.19,290.47,290.059998,290.35001
XLK,2025-10-09 12:15:00,290.32501,290.41,289.82001,290.019989
XLK,2025-10-09 12:30:00,290.019989,290.029999,289.36499,289.72
XLK,2025-10-09 12:45:00,289.76001,289.92001,289.059998,289.14001
XLK,2025-10-09 13:00:00,289.10999,289.57001,289.019989,289.14001
XLK,2025-10-09 13:15:00,289.12,289.35999,288.81,288.85999
XLK,2025-10-09 13:30:00,288.79001,289.39249,288.69,289.13
XLK,2025-10-09 13:45:00,289.12009,289.38,289.070007,289.38
XLK,2025-10-09 14:00:00,289.38,289.42001,289.019989,289.29999
XLK,2025-10-09 14:15:00,289.28,289.67001,289.23001,289.36581
XLK,2025-10-09 14:30:00,289.34,289.44,289.215,289.42001
XLK,2025-10-09 14:45:00,289.42499,289.63501,289.25,289.5
XLK,2025-10-09 15:00:00,289.5,289.83499,289.48999,289.66
XLK,2025-10-09 15:15:00,289.67499,290.0,289.54999,289.92001
XLK,2025-10-09 15:30:00,289.91501,290.17999,289.89999,290.070007
XLK,2025-10-09 15:45:00,290.049988,290.34,289.94,290.20999
XLK,2025-10-10 09:30:00,290.80499,291.34,290.60001,290.98001
XLK,2025-10-10 09:45:00,290.97,291.34,290.53009,290.87
XLK,2025-10-10 10:00:00,290.94,290.98999,290.20001,290.5
XLK,2025-10-10 10:15:00,290.51999,290.92001,290.079987,290.66
XLK,2025-10-10 10:30:00,290.67999,290.92999,290.4899,290.82999
XLK,2025-10-10 10:45:00,290.81,291.079987,288.059998,288.88
XLK,2025-10-10 11:00:00,288.87,288.95001,286.23001,287.22
XLK,2025-10-10 11:15:00,287.19,287.42001,283.60999,283.89999
XLK,2025-10-10 11:30:00,283.91,284.54999,281.60001,284.54999
XLK,2025-10-10 11:45:00,284.5,285.089996,283.23001,283.95999
XLK,2025-10-10 12:00:00,283.88,284.019989,283.029999,283.92999
XLK,2025-10-10 12:15:00,283.92999,284.39001,282.95999,283.54999
XLK,2025-10-10 12:30:00,283.54999,284.089996,282.78,282.92001
XLK,2025-10-10 12:45:00,282.95001,283.059998,281.84,281.95001
XLK,2025-10-10 13:00:00,282.040009,282.26001,281.070007,281.38
XLK,2025-10-10 13:15:00,281.67999,282.85001,281.53,282.78
XLK,2025-10-10 13:30:00,282.79999,283.29001,282.66,282.70001
XLK,2025-10-10 13:45:00,282.67001,282.76999,281.85999,282.22
XLK,2025-10-10 14:00:00,282.26999,282.35999,281.73999,282.32999
XLK,2025-10-10 14:15:00,282.31,282.75,281.89999,282.079987
XLK,2025-10-10 14:30:00,282.12,282.35001,281.60001,281.60999
XLK,2025-10-10 14:45:00,281.64001,282.059998,280.85001,281.019989
XLK,2025-10-10 15:00:00,281.01001,281.62,280.54001,280.76001
XLK,2025-10-10 15:15:00,280.79001,281.13,280.089996,280.32001
XLK,2025-10-10 15:30:00,280.48999,280.53,279.089996,280.23499
XLK,2025-10-10 15:45:00,280.25,280.54999,278.28,278.44
XLK,2025-10-13 09:30:00,284.5,284.91,283.10999,284.25
XLK,2025-10-13 09:45:00,284.26001,285.45999,283.64001,285.39999
XLK,2025-10-13 10:00:00,285.39001,285.81,285.23001,285.32999
XLK,2025-10-13 10:15:00,285.45999,285.45999,283.90421,284.35001
XLK,2025-10-13 10:30:00,284.32999,285.28,284.10999,284.54999
XLK,2025-10-13 10:45:00,284.48001,284.66,283.39999,283.59
XLK,2025-10-13 11:00:00,283.67999,284.34,283.14999,284.23001
XLK,2025-10-13 11:15:00,284.41,284.97,284.3801,284.81381
XLK,2025-10-13 11:30:00,284.82001,285.059998,284.51999,284.56
XLK,2025-10-13 11:45:00,284.57999,285.19,284.57001,285.10999
XLK,2025-10-13 12:00:00,285.14001,285.22,284.82999,285.19
XLK,2025-10-13 12:15:00,285.19,285.60001,284.82999,285.34
XLK,2025-10-13 12:30:00,285.35999,285.60999,285.19,285.31
XLK,2025-10-13 12:45:00,285.28,286.040009,285.14999,285.98001
XLK,2025-10-13 13:00:00,285.97,286.12,285.38,285.48999
XLK,2025-10-13 13:15:00,285.48999,285.64999,285.19,285.20999
XLK,2025-10-13 13:30:00,285.23001,285.35999,284.97501,284.995
XLK,2025-10-13 13:45:00,284.98001,285.47,284.97,285.45999
XLK,2025-10-13 14:00:00,285.45999,285.51511,285.255,285.31
XLK,2025-10-13 14:15:00,285.37,285.60001,285.29999,285.53
XLK,2025-10-13 14:30:00,285.54001,285.66,284.97,285.16
XLK,2025-10-13 14:45:00,285.16,285.17999,284.76001,284.89001
XLK,2025-10-13 15:00:00,284.89999,285.12,284.67001,284.85001
XLK,2025-10-13 15:15:00,284.84,285.47,284.82001,285.040009
XLK,2025-10-13 15:30:00,285.040009,285.32001,284.94,285.26999
XLK,2025-10-13 15:45:00,285.28,285.48999,284.95999,285.16
XLK,2025-10-14 09:30:00,281.43,281.54,278.35,278.62
XLK,2025-10-14 09:45:00,278.56,280.34,278.25,280.11
XLK,2025-10-14 10:00:00,280.05,280.86,279.79,280.73
XLK,2025-10-14 10:15:00,280.63,281.99,280.24,281.96
XLK,2025-10-14 10:30:00,281.94,282.01,281.27,281.8
XLK,2025-10-14 10:45:00,281.77,282.13,280.98,281.22
XLK,2025-10-14 11:00:00,281.22,282.25,281.22,281.58
XLK,2025-10-14 11:15:00,281.58,281.85,281.24,281.57
XLK,2025-10-14 11:30:00,281.59,282.47,281.38,282.36
XLK,2025-10-14 11:45:00,282.37,283.14,282.36,282.56
XLK,2025-10-14 12:00:00,282.57,282.63,282.07,282.53
XLK,2025-10-14 12:15:00,282.53,283.63,282.48,283.54
XLK,2025-10-14 12:30:00,283.57,284.11,283.53,284.1
XLK,2025-10-14 12:45:00,284.115,284.38,283.725,283.725
XLK,2025-10-14 13:00:00,283.69,284.3,283.24,284.03
XLK,2025-10-14 13:15:00,284.05,284.28,283.83,284.11
XLK,2025-10-14 13:30:00,284.11,284.2,283.99,284.04
XLK,2025-10-14 13:45:00,283.95,284.13,283.55,283.62
XLK,2025-10-14 14:00:00,283.63,283.79,283.34,283.62
XLK,2025-10-14 14:15:00,283.645,283.93,283.42,283.79
XLK,2025-10-14 14:30:00,283.805,283.97,283.41,283.57
XLK,2025-10-14 14:45:00,283.54,283.68,283.54,283.61
XLK,2025-10-14 15:00:00,283.76999,284.035004,283.56,283.60999
XLK,2025-10-14 15:15:00,283.60001,283.95999,283.57001,283.625
XLK,2025-10-14 15:30:00,283.62,283.64499,281.079987,281.26001
XLK,2025-10-14 15:45:00,281.29001,281.79999,280.94,281.44
XLK,2025-10-15 09:30:00,284.73001,285.16,284.089996,284.32001
XLK,2025-10-15 09:45:00,284.3,285.60001,283.87,285.45999
XLK,2025-10-15 10:00:00,285.48999,286.54999,285.45001,286.019989
XLK,2025-10-15 10:15:00,286.059998,286.47,285.92999,286.37
XLK,2025-10-15 10:30:00,286.38,286.48001,285.88,286.13
XLK,2025-10-15 10:45:00,286.14001,286.51001,285.87,286.34
XLK,2025-10-15 11:00:00,286.35001,286.57999,285.97,286.26999
XLK,2025-10-15 11:15:00,286.25,286.32001,285.76001,285.85001
XLK,2025-10-15 11:30:00,285.85999,285.89001,284.19,284.51999
XLK,2025-10-15 11:45:00,284.51999,284.53,283.39999,284.29999
XLK,2025-10-15 12:00:00,284.26001,284.85999,284.10999,284.54999
XLK,2025-10-15 12:15:00,284.51999,285.070007,284.089996,284.67001
XLK,2025-10-15 12:30:00,284.66501,284.73999,284.23999,284.32001
XLK,2025-10-15 12:45:00,284.345,284.345,283.74649,283.87
XLK,2025-10-15 13:00:00,283.89001,283.91,281.20999,281.27499
XLK,2025-10-15 13:15:00,281.23999,282.51001,280.79501,282.079987
XLK,2025-10-15 13:30:00,282.070007,283.32999,281.98001,283.315
XLK,2025-10-15 13:45:00,283.62,284.22,283.39001,284.14001
XLK,2025-10-15 14:00:00,284.079987,284.16,283.5,284.0
XLK,2025-10-15 14:15:00,283.97,284.29001,283.78,283.90521
XLK,2025-10-15 14:30:00,283.98001,284.63,283.82001,284.29999
XLK,2025-10-15 14:45:00,284.29501,284.76999,284.16501,284.70001
XLK,2025-10-15 15:00:00,284.67999,284.73001,284.095001,284.41
XLK,2025-10-15 15:15:00,284.405,284.755,284.38,284.60001
XLK,2025-10-15 15:30:00,284.51001,284.64999,283.67001,284.12
XLK,2025-10-15 15:45:00,284.12,284.37,283.26001,284.32001
XLK,2025-10-16 09:30:00,286.315,286.65,285.74,286.44
XLK,2025-10-16 09:45:00,286.39,286.79,285.44,285.975
XLK,2025-10-16 10:00:00,286.05,286.45,285.72,286.1
XLK,2025-10-16 10:15:00,286.05,287.27,285.99,286.72
XLK,2025-10-16 10:30:00,286.74,287.6,286.74,287.42
XLK,2025-10-16 10:45:00,287.41,287.5,286.36,286.46
XLK,2025-10-16 11:00:00,286.48,287.09,286.26,286.97
XLK,2025-10-16 11:15:00,286.91,287.05,285.68,285.97
XLK,2025-10-16 11:30:00,285.91,286.56,285.39,285.66
XLK,2025-10-16 11:45:00,285.67,286.01,284.95,285.33
XLK,2025-10-16 12:00:00,285.29,285.73,284.86,285.51
XLK,2025-10-16 12:15:00,285.49,285.64,284.37,284.83
XLK,2025-10-16 12:30:00,284.29,284.29,282.73,283.5
XLK,2025-10-16 12:45:00,283.47,284.34,282.81,284.16
XLK,2025-10-16 13:00:00,285.36,285.76,284.06,285.4
XLK,2025-10-16 13:15:00,285.38,286.21,285.03,285.78
XLK,2025-10-16 13:30:00,285.76,286.1,285.03,285.25
XLK,2025-10-16 13:45:00,285.25,285.44,284.75,285.21
XLK,2025-10-16 14:00:00,285.16,285.27,284.94,284.94
XLK,2025-10-16 14:15:00,282.92,283.66,282.63,283.16
XLK,2025-10-16 14:30:00,283.15,283.54,282.6,283.44
XLK,2025-10-16 14:45:00,284.16,284.48001,283.76001,284.45001
XLK,2025-10-16 15:00:00,284.5,284.57001,283.70001,283.70001
XLK,2025-10-16 15:15:00,283.73999,283.845,282.89001,283.37
XLK,2025-10-16 15:30:00,283.38,283.94,283.019989,283.85999
XLK,2025-10-16 15:45:00,283.85999,284.73999,283.64999,284.53
XLK,2025-10-17 09:30:00,282.82001,283.87,282.10999,282.34
XLK,2025-10-17 09:45:00,282.35999,284.535,282.14999,283.66
XLK,2025-10-17 10:00:00,283.64999,285.0,283.17001,285.0
XLK,2025-10-17 10:15:00,285.32999,285.32999,284.019989,284.44
XLK,2025-10-17 10:30:00,284.45999,284.48001,282.70999,283.14999
XLK,2025-10-17 10:45:00,283.16,283.85001,282.20001,282.42999
XLK,2025-10-17 11:00:00,282.42001,283.60001,282.17999,282.17999
XLK,2025-10-17 11:15:00,282.17001,282.72,281.42999,281.82999
XLK,2025-10-17 11:30:00,281.84,282.63,281.019989,282.51001
XLK,2025-10-17 11:45:00,282.47,283.66,282.37,283.34
XLK,2025-10-17 12:00:00,283.35999,284.25,283.32999,283.98999
XLK,2025-10-17 12:15:00,284.0,284.51999,283.82999,284.42001
XLK,2025-10-17 12:30:00,284.39999,284.72,283.81,283.97501
XLK,2025-10-17 12:45:00,283.98999,284.54999,283.5,283.94
XLK,2025-10-17 13:00:00,283.89999,283.98999,283.22501,283.66
XLK,2025-10-17 13:15:00,283.44,283.75,283.040009,283.37
XLK,2025-10-17 13:30:00,283.32999,284.040009,283.23999,283.29501
XLK,2025-10-17 13:45:00,283.26001,284.37,283.049988,284.26999
XLK,2025-10-17 14:00:00,284.26001,284.76999,284.25,284.64001
XLK,2025-10-17 14:15:00,284.63,285.38,284.625,285.17001
XLK,2025-10-17 14:30:00,285.22,285.32001,284.88,284.98001
XLK,2025-10-17 14:45:00,284.98001,285.17001,284.84,284.98001
XLK,2025-10-17 15:00:00,285.0,285.85999,284.98999,285.73001
XLK,2025-10-17 15:15:00,285.72,285.815,285.45999,285.5
XLK,2025-10-17 15:30:00,285.505,285.505,285.01001,285.22
XLK,2025-10-17 15:45:00,285.22,285.29999,284.82001,284.95999
XLP,2025-10-08 15:45:00,77.78,77.84,77.75,77.8
XLP,2025-10-09 09:30:00,78.040001,78.15,77.875,78.019997
XLP,2025-10-09 09:45:00,78.019997,78.050003,77.78,77.79
XLP,2025-10-09 10:00:00,77.79,77.855,77.69,77.8355
XLP,2025-10-09 10:15:00,77.835,78.0049973,77.835,77.92
XLP,2025-10-09 10:30:00,77.93,78.095001,77.925,78.050003
XLP,2025-10-09 10:45:00,78.040001,78.099899,78.014999,78.050003
XLP,2025-10-09 11:00:00,78.050003,78.07,77.91,77.94
XLP,2025-10-09 11:15:00,77.93,77.99,77.9,77.9
XLP,2025-10-09 11:30:00,77.9,77.95,77.8001,77.81
XLP,2025-10-09 11:45:00,77.8035,77.87,77.79,77.81
XLP,2025-10-09 12:00:00,77.81,77.845,77.77,77.78
XLP,2025-10-09 12:15:00,77.785,77.885,77.77,77.88
XLP,2025-10-09 12:30:00,77.87,78.0049973,77.87,77.965
XLP,2025-10-09 12:45:00,77.965,78.010002,77.95,77.96
XLP,2025-10-09 13:00:00,77.96,77.99,77.85,77.99
XLP,2025-10-09 13:15:00,77.99,77.995,77.9,77.97
XLP,2025-10-09 13:30:00,77.96,77.999,77.917,77.94
XLP,2025-10-09 13:45:00,77.935,77.94,77.895,77.91
XLP,2025-10-09 14:00:00,77.9,77.92,77.72,77.735
XLP,2025-10-09 14:15:00,77.735,77.8255,77.735,77.805
XLP,2025-10-09 14:30:00,77.8,77.86,77.79,77.83
XLP,2025-10-09 14:45:00,77.83,77.845,77.8,77.8345
XLP,2025-10-09 15:00:00,77.835,77.9,77.83,77.8995
XLP,2025-10-09 15:15:00,77.9,77.96,77.88,77.935
XLP,2025-10-09 15:30:00,77.935,78.035004,77.92,78.025002
XLP,2025-10-09 15:45:00,78.025002,78.065201,78.010002,78.044998
XLP,2025-10-10 09:30:00,78.3,78.57,78.225,78.49
XLP,2025-10-10 09:45:00,78.495,78.5,78.39,78.445
XLP,2025-10-10 10:00:00,78.44,78.64,78.405,78.605
XLP,2025-10-10 10:15:00,78.605,78.665,78.46,78.47
XLP,2025-10-10 10:30:00,78.465,78.49,78.365,78.4
XLP,2025-10-10 10:45:00,78.41,78.51,78.22,78.28
XLP,2025-10-10 11:00:00,78.27,78.405,78.16,78.4
XLP,2025-10-10 11:15:00,78.395,78.745,78.385,78.47
XLP,2025-10-10 11:30:00,78.46,78.77,78.26,78.3
XLP,2025-10-10 11:45:00,78.305,78.43,78.26,78.39
XLP,2025-10-10 12:00:00,78.395,78.425,78.335,78.41
XLP,2025-10-10 12:15:00,78.41,78.425,78.344,78.385
XLP,2025-10-10 12:30:00,78.38,78.51,78.38,78.45
XLP,2025-10-10 12:45:00,78.45,78.45,78.375,78.42
XLP,2025-10-10 13:00:00,78.41,78.47,78.335,78.355
XLP,2025-10-10 13:15:00,78.36,78.37,78.29,78.33
XLP,2025-10-10 13:30:00,78.34,78.395,78.28,78.28
XLP,2025-10-10 13:45:00,78.28,78.36,78.22,78.36
XLP,2025-10-10 14:00:00,78.315,78.365,78.285,78.35
XLP,2025-10-10 14:15:00,78.35,78.36,78.265,78.32
XLP,2025-10-10 14:30:00,78.32,78.32,78.195,78.195
XLP,2025-10-10 14:45:00,78.19,78.225,78.14,78.17
XLP,2025-10-10 15:00:00,78.165,78.185,78.105,78.14
XLP,2025-10-10 15:15:00,78.135,78.1951,78.12,78.17
XLP,2025-10-10 15:30:00,78.18,78.26,78.15,78.26
XLP,2025-10-10 15:45:00,78.265,78.425,78.11,78.12
XLP,2025-10-13 09:30:00,77.73,78.13,77.62,77.88
XLP,2025-10-13 09:45:00,77.87,77.94,77.8,77.84
XLP,2025-10-13 10:00:00,77.83,77.83,77.49,77.53
XLP,2025-10-13 10:15:00,77.53,77.71,77.51,77.51
XLP,2025-10-13 10:30:00,77.51,77.58,77.44,77.58
XLP,2025-10-13 10:45:00,77.575,77.7,77.555,77.66
XLP,2025-10-13 11:00:00,77.66,77.69,77.575,77.66
XLP,2025-10-13 11:15:00,77.665,77.695,77.53,77.67
XLP,2025-10-13 11:30:00,77.6776,77.72,77.63,77.69
XLP,2025-10-13 11:45:00,77.7,77.7265,77.67,77.685
XLP,2025-10-13 12:00:00,77.69,77.75,77.655,77.74
XLP,2025-10-13 12:15:00,77.74,77.76,77.695,77.7
XLP,2025-10-13 12:30:00,77.7,77.86,77.6535,77.78
XLP,2025-10-13 12:45:00,77.77,77.87,77.735,77.835
XLP,2025-10-13 13:00:00,77.835,77.87,77.795,77.865
XLP,2025-10-13 13:15:00,77.865,77.885,77.79,77.82
XLP,2025-10-13 13:30:00,77.815,77.835,77.77,77.815
XLP,2025-10-13 13:45:00,77.81,77.82,77.66,77.7
XLP,2025-10-13 14:00:00,77.695,77.805,77.69,77.77
XLP,2025-10-13 14:15:00,77.77,77.82,77.745,77.805
XLP,2025-10-13 14:30:00,77.81,77.8671,77.775,77.785
XLP,2025-10-13 14:45:00,77.785,77.795,77.645,77.675
XLP,2025-10-13 15:00:00,77.67,77.71,77.635,77.645
XLP,2025-10-13 15:15:00,77.64,77.83,77.64,77.825
XLP,2025-10-13 15:30:00,77.82,77.85,77.8,77.8
XLP,2025-10-13 15:45:00,77.81,77.84,77.725,77.82
XLP,2025-10-14 09:30:00,77.92,78.19,77.805,78.095
XLP,2025-10-14 09:45:00,78.1,78.27,77.99,78.23
XLP,2025-10-14 10:00:00,78.22,78.26,78.11,78.26
XLP,2025-10-14 10:15:00,78.27,78.44,78.23,78.29
XLP,2025-10-14 10:30:00,78.29,78.39,78.26,78.285
XLP,2025-10-14 10:45:00,78.29,78.495,78.27,78.47
XLP,2025-10-14 11:00:00,78.49,78.5,78.375,78.375
XLP,2025-10-14 11:15:00,78.37,78.39,78.21,78.225
XLP,2025-10-14 11:30:00,78.23,78.255,78.1,78.18
XLP,2025-10-14 11:45:00,78.175,78.34,78.175,78.325
XLP,2025-10-14 12:00:00,78.335,78.385,78.29,78.345
XLP,2025-10-14 12:15:00,78.34,78.435,78.34,78.41
XLP,2025-10-14 12:30:00,78.43,78.515,78.395,78.47
XLP,2025-10-14 12:45:00,78.47,78.59,78.47,78.56
XLP,2025-10-14 13:00:00,78.565,78.665,78.54,78.61
XLP,2025-10-14 13:15:00,78.605,78.615,78.57,78.605
XLP,2025-10-14 13:30:00,78.625,78.65,78.6,78.6
XLP,2025-10-14 13:45:00,78.65,78.7,78.64,78.7
XLP,2025-10-14 14:00:00,78.71,78.845,78.71,78.8
XLP,2025-10-14 14:15:00,78.79,78.89,78.78,78.87
XLP,2025-10-14 14:30:00,78.875,78.93,78.865,78.925
XLP,2025-10-14 14:45:00,78.92,78.93,78.91,78.93
XLP,2025-10-14 15:00:00,78.925,79.019997,78.92,78.9401
XLP,2025-10-14 15:15:00,78.945,78.95,78.85,78.905
XLP,2025-10-14 15:30:00,78.905,78.97,78.755,78.85
XLP,2025-10-14 15:45:00,78.86,79.125,78.8501,79.079002
XLP,2025-10-15 09:30:00,79.080002,79.66,79.010002,79.63
XLP,2025-10-15 09:45:00,79.63,79.67,79.49,79.61
XLP,2025-10-15 10:00:00,79.61,79.715,79.57,79.69
XLP,2025-10-15 10:15:00,79.69,79.72,79.515,79.525
XLP,2025-10-15 10:30:00,79.53,79.595,79.485,79.51
XLP,2025-10-15 10:45:00,79.52,79.535,79.4435,79.455
XLP,2025-10-15 11:00:00,79.455,79.475,79.315,79.34
XLP,2025-10-15 11:15:00,79.345,79.4052,79.3,79.3
XLP,2025-10-15 11:30:00,79.27,79.335,79.255,79.305
XLP,2025-10-15 11:45:00,79.3,79.31,79.165,79.175
XLP,2025-10-15 12:00:00,79.18,79.25,79.074997,79.24
XLP,2025-10-15 12:15:00,79.24,79.31,79.23,79.265
XLP,2025-10-15 12:30:00,79.26,79.3,79.225,79.26
XLP,2025-10-15 12:45:00,79.27,79.27,79.21,79.2101
XLP,2025-10-15 13:00:00,79.21,79.23,79.145,79.155
XLP,2025-10-15 13:15:00,79.14,79.14,78.96,78.99
XLP,2025-10-15 13:30:00,78.995,79.155,78.985,79.155
XLP,2025-10-15 13:45:00,79.145,79.215,79.115,79.215
XLP,2025-10-15 14:00:00,79.21,79.325,79.19,79.315
XLP,2025-10-15 14:15:00,79.32,79.355,79.27,79.28
XLP,2025-10-15 14:30:00,79.28,79.305,79.245,79.27
XLP,2025-10-15 14:45:00,79.27,79.28,79.205,79.235
XLP,2025-10-15 15:00:00,79.23,79.27,79.205,79.24
XLP,2025-10-15 15:15:00,79.2342,79.26,79.1945,79.2
XLP,2025-10-15 15:30:00,79.21,79.22,79.125,79.185
XLP,2025-10-15 15:45:00,79.18,79.25,79.14,79.22
XLP,2025-10-16 09:30:00,79.445,79.58,79.33,79.56
XLP,2025-10-16 09:45:00,79.59,79.745,79.435,79.73
XLP,2025-10-16 10:00:00,79.73,79.73,79.47,79.53
XLP,2025-10-16 10:15:00,79.515,79.55,79.375,79.47
XLP,2025-10-16 10:30:00,79.47,79.57,79.385,79.57
XLP,2025-10-16 10:45:00,79.57,79.575,79.49,79.565
XLP,2025-10-16 11:00:00,79.56,79.58,79.485,79.55
XLP,2025-10-16 11:15:00,79.54,79.57,79.44,79.44
XLP,2025-10-16 11:30:00,79.43,79.43,79.255,79.275
XLP,2025-10-16 11:45:00,79.275,79.28,79.15,79.23
XLP,2025-10-16 12:00:00,79.225,79.26,79.13,79.15
XLP,2025-10-16 12:15:00,79.185,79.21,79.1,79.175
XLP,2025-10-16 12:30:00,79.0,79.0,78.855,78.88
XLP,2025-10-16 12:45:00,78.88,78.93,78.765,78.9
XLP,2025-10-16 13:00:00,78.98,79.025,78.88,78.93
XLP,2025-10-16 13:15:00,78.925,78.965,78.84,78.91
XLP,2025-10-16 13:30:00,78.895,78.91,78.76,78.78
XLP,2025-10-16 13:45:00,78.78,78.78,78.73,78.755
XLP,2025-10-16 14:00:00,78.715,78.715,78.675,78.675
XLP,2025-10-16 14:15:00,78.6,78.695,78.57,78.665
XLP,2025-10-16 14:30:00,78.625,78.63,78.49,78.6
XLP,2025-10-16 14:45:00,78.59,78.6952,78.58,78.685
XLP,2025-10-16 15:00:00,78.69,78.715,78.58,78.6
XLP,2025-10-16 15:15:00,78.605,78.65,78.555,78.615
XLP,2025-10-16 15:30:00,78.61,78.67,78.565,78.635
XLP,2025-10-16 15:45:00,78.64,78.685,78.555,78.685
XLP,2025-10-17 09:30:00,79.059998,79.24,79.019997,79.145
XLP,2025-10-17 09:45:00,79.14,79.27,79.099998,79.15
XLP,2025-10-17 10:00:00,79.13,79.185,79.040001,79.18
XLP,2025-10-17 10:15:00,79.19,79.395,79.15,79.38
XLP,2025-10-17 10:30:00,79.375,79.39,79.265,79.285
XLP,2025-10-17 10:45:00,79.28,79.475,79.245,79.445
XLP,2025-10-17 11:00:00,79.45,79.555,79.42,79.42
XLP,2025-10-17 11:15:00,79.42,79.57,79.42,79.53
XLP,2025-10-17 11:30:00,79.5248,79.6,79.49,79.56
XLP,2025-10-17 11:45:00,79.555,79.675,79.535,79.6446
XLP,2025-10-17 12:00:00,79.6499,79.67,79.605,79.645
XLP,2025-10-17 12:15:00,79.65,79.675,79.535,79.58
XLP,2025-10-17 12:30:00,79.58,79.61,79.5128,79.53
XLP,2025-10-17 12:45:00,79.53,79.57,79.46,79.52
XLP,2025-10-17 13:00:00,79.515,79.515,79.435,79.46
XLP,2025-10-17 13:15:00,79.46,79.46,79.35,79.3601
XLP,2025-10-17 13:30:00,79.36,79.45,79.3542,79.3652
XLP,2025-10-17 13:45:00,79.3535,79.47,79.305,79.45
XLP,2025-10-17 14:00:00,79.45,79.58,79.45,79.5635
XLP,2025-10-17 14:15:00,79.57,79.7,79.56,79.68
XLP,2025-10-17 14:30:00,79.68,79.71,79.655,79.69
XLP,2025-10-17 14:45:00,79.68,79.71,79.655,79.67
XLP,2025-10-17 15:00:00,79.67,79.75,79.66,79.75
XLP,2025-10-17 15:15:00,79.72,79.755,79.67,79.71
XLP,2025-10-17 15:30:00,79.68,79.71,79.66,79.695
XLP,2025-10-17 15:45:00,79.7,79.78,79.645,79.73
XLRE,2025-10-08 15:45:00,41.28,41.3252,41.27,41.32
XLRE,2025-10-09 09:30:00,41.415,41.45,41.285,41.37
XLRE,2025-10-09 09:45:00,41.37,41.395,41.24,41.24
XLRE,2025-10-09 10:00:00,41.24,41.295,41.21,41.275
XLRE,2025-10-09 10:15:00,41.27,41.29,41.23,41.28
XLRE,2025-10-09 10:30:00,41.285,41.3241,41.2415,41.29
XLRE,2025-10-09 10:45:00,41.28,41.35,41.265,41.34
XLRE,2025-10-09 11:00:00,41.345,41.4,41.33,41.385
XLRE,2025-10-09 11:15:00,41.385,41.3982,41.355,41.365
XLRE,2025-10-09 11:30:00,41.37,41.39,41.33,41.34
XLRE,2025-10-09 11:45:00,41.345,41.36,41.3106,41.315
XLRE,2025-10-09 12:00:00,41.32,41.34,41.255,41.26
XLRE,2025-10-09 12:15:00,41.2599,41.2804,41.2297,41.24
XLRE,2025-10-09 12:30:00,41.24,41.26,41.205,41.215
XLRE,2025-10-09 12:45:00,41.215,41.2385,41.195,41.2
XLRE,2025-10-09 13:00:00,41.2,41.21,41.16,41.21
XLRE,2025-10-09 13:15:00,41.2,41.205,41.1401,41.1572
XLRE,2025-10-09 13:30:00,41.1501,41.2,41.14,41.17
XLRE,2025-10-09 13:45:00,41.172,41.1917,41.1635,41.1801
XLRE,2025-10-09 14:00:00,41.185,41.185,41.07,41.080002
XLRE,2025-10-09 14:15:00,41.080002,41.13,41.07,41.084999
XLRE,2025-10-09 14:30:00,41.080399,41.080399,41.049801,41.058601
XLRE,2025-10-09 14:45:00,41.058998,41.080002,41.025002,41.07
XLRE,2025-10-09 15:00:00,41.07,41.09,41.029999,41.080002
XLRE,2025-10-09 15:15:00,41.080002,41.14,41.07,41.13
XLRE,2025-10-09 15:30:00,41.1291,41.16,41.11,41.16
XLRE,2025-10-09 15:45:00,41.15,41.195,41.105,41.14
XLRE,2025-10-10 09:30:00,41.21,41.31,41.16,41.215
XLRE,2025-10-10 09:45:00,41.22,41.23,41.11,41.12
XLRE,2025-10-10 10:00:00,41.13,41.16,41.049999,41.145
XLRE,2025-10-10 10:15:00,41.14,41.145,41.080002,41.09
XLRE,2025-10-10 10:30:00,41.080002,41.084999,40.98,41.029999
XLRE,2025-10-10 10:45:00,41.029999,41.084999,40.79,40.84
XLRE,2025-10-10 11:00:00,40.84,40.98,40.75,40.97
XLRE,2025-10-10 11:15:00,40.97,41.029999,40.86,40.9
XLRE,2025-10-10 11:30:00,40.89,40.96,40.775,40.835
XLRE,2025-10-10 11:45:00,40.83,40.86,40.765,40.79
XLRE,2025-10-10 12:00:00,40.795,40.86,40.741,40.85
XLRE,2025-10-10 12:15:00,40.85,40.9,40.83,40.86
XLRE,2025-10-10 12:30:00,40.865,40.95,40.86,40.9
XLRE,2025-10-10 12:45:00,40.9,40.9,40.825,40.845
XLRE,2025-10-10 13:00:00,40.84,40.87,40.77,40.78
XLRE,2025-10-10 13:15:00,40.79,40.81,40.76,40.765
XLRE,2025-10-10 13:30:00,40.76,40.88,40.75,40.825
XLRE,2025-10-10 13:45:00,40.835,40.885,40.8,40.885
XLRE,2025-10-10 14:00:00,40.885,40.89,40.84,40.88
XLRE,2025-10-10 14:15:00,40.88,40.89,40.83,40.8301
XLRE,2025-10-10 14:30:00,40.83,40.84,40.765,40.765
XLRE,2025-10-10 14:45:00,40.76,40.7899,40.7,40.7001
XLRE,2025-10-10 15:00:00,40.71,40.74,40.6379,40.665
XLRE,2025-10-10 15:15:00,40.66,40.695,40.6444,40.67
XLRE,2025-10-10 15:30:00,40.67,40.715,40.6201,40.715
XLRE,2025-10-10 15:45:00,40.72,40.825,40.675,40.69
XLRE,2025-10-13 09:30:00,40.69,40.915,40.61,40.76
XLRE,2025-10-13 09:45:00,40.77,40.855,40.72,40.85
XLRE,2025-10-13 10:00:00,40.84,40.855,40.715,40.755
XLRE,2025-10-13 10:15:00,40.76,40.81,40.64,40.68
XLRE,2025-10-13 10:30:00,40.67,40.76,40.625,40.735
XLRE,2025-10-13 10:45:00,40.735,40.755,40.69,40.71
XLRE,2025-10-13 11:00:00,40.7,40.802,40.7,40.7977
XLRE,2025-10-13 11:15:00,40.795,40.855,40.785,40.84
XLRE,2025-10-13 11:30:00,40.845,40.91,40.8301,40.8437
XLRE,2025-10-13 11:45:00,40.845,40.88,40.84,40.855
XLRE,2025-10-13 12:00:00,40.85,40.9099,40.835,40.9098
XLRE,2025-10-13 12:15:00,40.91,40.946,40.89,40.8997
XLRE,2025-10-13 12:30:00,40.8999,40.905,40.865,40.875
XLRE,2025-10-13 12:45:00,40.875,40.89,40.8499,40.8501
XLRE,2025-10-13 13:00:00,40.8585,40.8715,40.8177,40.8201
XLRE,2025-10-13 13:15:00,40.82,40.84,40.79,40.81
XLRE,2025-10-13 13:30:00,40.81,40.81,40.76,40.78
XLRE,2025-10-13 13:45:00,40.78,40.79,40.72,40.79
XLRE,2025-10-13 14:00:00,40.7944,40.88,40.7944,40.84
XLRE,2025-10-13 14:15:00,40.845,40.9131,40.84,40.905
XLRE,2025-10-13 14:30:00,40.9155,40.94,40.85,40.8599
XLRE,2025-10-13 14:45:00,40.86,40.88,40.745,40.755
XLRE,2025-10-13 15:00:00,40.755,40.84,40.74,40.775
XLRE,2025-10-13 15:15:00,40.77,40.89,40.765,40.865
XLRE,2025-10-13 15:30:00,40.865,40.9055,40.85,40.8956
XLRE,2025-10-13 15:45:00,40.9,40.92,40.875,40.88
XLRE,2025-10-14 09:30:00,40.82,40.96,40.815,40.9
XLRE,2025-10-14 09:45:00,40.92,41.07,40.91,41.07
XLRE,2025-10-14 10:00:00,41.065,41.17,41.06,41.13
XLRE,2025-10-14 10:15:00,41.13,41.18,40.99,41.0
XLRE,2025-10-14 10:30:00,40.99,41.04,40.965,40.97
XLRE,2025-10-14 10:45:00,40.98,41.05,40.98,41.05
XLRE,2025-10-14 11:00:00,41.045,41.07,40.99,40.99
XLRE,2025-10-14 11:15:00,40.97,40.995,40.94,40.94
XLRE,2025-10-14 11:30:00,40.935,40.99,40.935,40.96
XLRE,2025-10-14 11:45:00,40.965,41.025,40.965,41.025
XLRE,2025-10-14 12:00:00,41.025,41.035,41.0,41.005
XLRE,2025-10-14 12:15:00,41.02,41.1,41.02,41.09
XLRE,2025-10-14 12:30:00,41.095,41.19,41.08,41.18
XLRE,2025-10-14 12:45:00,41.19,41.22,41.18,41.21
XLRE,2025-10-14 13:00:00,41.2,41.235,41.2,41.23
XLRE,2025-10-14 13:15:00,41.2,41.23,41.2,41.23
XLRE,2025-10-14 13:30:00,41.235,41.235,41.22,41.22
XLU,2025-10-08 15:45:00,90.72,90.93,90.71,90.8
XLU,2025-10-09 09:30:00,91.099998,91.37,91.07,91.089996
XLU,2025-10-09 09:45:00,91.074997,91.16,90.85,90.88
XLU,2025-10-09 10:00:00,90.87,90.98,90.725,90.84
XLU,2025-10-09 10:15:00,90.85,90.915,90.7593,90.8985
XLU,2025-10-09 10:30:00,90.9,90.97,90.775,90.8099
XLU,2025-10-09 10:45:00,90.8,90.95,90.75,90.91
XLU,2025-10-09 11:00:00,90.9115,90.9115,90.79,90.89
XLU,2025-10-09 11:15:00,90.89,90.9,90.73,90.735
XLU,2025-10-09 11:30:00,90.73,90.77,90.6,90.605
XLU,2025-10-09 11:45:00,90.61,90.75,90.6,90.745
XLU,2025-10-09 12:00:00,90.75,90.775,90.625,90.635
XLU,2025-10-09 12:15:00,90.635,90.6669,90.57,90.575
XLU,2025-10-09 12:30:00,90.58,90.73,90.55,90.71
XLU,2025-10-09 12:45:00,90.71,90.75,90.6,90.62
XLU,2025-10-09 13:00:00,90.61,90.73,90.475,90.605
XLU,2025-10-09 13:15:00,90.61,90.63,90.48,90.505
XLU,2025-10-09 13:30:00,90.51,90.675,90.51,90.62
XLU,2025-10-09 13:45:00,90.62,90.6375,90.53,90.605
XLU,2025-10-09 14:00:00,90.61,90.62,90.475,90.5201
XLU,2025-10-09 14:15:00,90.52,90.6,90.39,90.42
XLU,2025-10-09 14:30:00,90.41,90.5,90.39,90.485
XLU,2025-10-09 14:45:00,90.49,90.52,90.42,90.455
XLU,2025-10-09 15:00:00,90.485,90.595,90.45,90.52
XLU,2025-10-09 15:15:00,90.53,90.67,90.51,90.6201
XLU,2025-10-09 15:30:00,90.62,90.745,90.57,90.745
XLU,2025-10-09 15:45:00,90.745,90.83,90.515,90.59
XLU,2025-10-10 09:30:00,90.87,91.059998,90.63,91.025002
XLU,2025-10-10 09:45:00,91.040001,91.23,91.040001,91.22
XLU,2025-10-10 10:00:00,91.23,91.27,91.089996,91.22
XLU,2025-10-10 10:15:00,91.2,91.24,91.099998,91.13
XLU,2025-10-10 10:30:00,91.12,91.2,90.935,90.98
XLU,2025-10-10 10:45:00,90.98,91.0,90.55,90.63
XLU,2025-10-10 11:00:00,90.63,91.29,90.5,91.29
XLU,2025-10-10 11:15:00,91.29,91.37,91.099998,91.175
XLU,2025-10-10 11:30:00,91.175,91.245,90.77,90.875
XLU,2025-10-10 11:45:00,90.87,91.16,90.8,90.965
XLU,2025-10-10 12:00:00,90.96,90.99,90.84,90.91
XLU,2025-10-10 12:15:00,90.8899,90.9699,90.81,90.88
XLU,2025-10-10 12:30:00,90.87,91.099998,90.81,90.865
XLU,2025-10-10 12:45:00,90.86,90.865,90.695,90.695
XLU,2025-10-10 13:00:00,90.69,90.745,90.55,90.685
XLU,2025-10-10 13:15:00,90.685,90.81,90.635,90.685
XLU,2025-10-10 13:30:00,90.685,90.93,90.65,90.745
XLU,2025-10-10 13:45:00,90.745,90.815,90.71,90.755
XLU,2025-10-10 14:00:00,90.755,90.755,90.52,90.64
XLU,2025-10-10 14:15:00,90.635,90.72,90.6,90.64
XLU,2025-10-10 14:30:00,90.63,90.66,90.43,90.44
XLU,2025-10-10 14:45:00,90.44,90.56,90.43,90.51
XLU,2025-10-10 15:00:00,90.51,90.6,90.365,90.38
XLU,2025-10-10 15:15:00,90.385,90.49,90.365,90.405
XLU,2025-10-10 15:30:00,90.42,90.5,90.275,90.47
XLU,2025-10-10 15:45:00,90.48,90.53,90.099998,90.2
XLU,2025-10-13 09:30:00,90.26,90.98,90.22,90.88
XLU,2025-10-13 09:45:00,90.885,90.96,90.64,90.73
XLU,2025-10-13 10:00:00,90.7,90.73,90.5,90.53
XLU,2025-10-13 10:15:00,90.53,90.71,90.41,90.495
XLU,2025-10-13 10:30:00,90.495,90.79,90.35,90.665
XLU,2025-10-13 10:45:00,90.66,90.77,90.56,90.675
XLU,2025-10-13 11:00:00,90.68,90.75,90.59,90.6944
XLU,2025-10-13 11:15:00,90.69,90.88,90.685,90.85
XLU,2025-10-13 11:30:00,90.85,90.99,90.8,90.94
XLU,2025-10-13 11:45:00,90.94,91.13,90.93,91.07
XLU,2025-10-13 12:00:00,91.059998,91.23,91.059998,91.21
XLU,2025-10-13 12:15:00,91.22,91.2677,91.16,91.21
XLU,2025-10-13 12:30:00,91.21,91.235,91.14,91.18
XLU,2025-10-13 12:45:00,91.18,91.28,91.15,91.245
XLU,2025-10-13 13:00:00,91.25,91.3,91.17,91.18
XLU,2025-10-13 13:15:00,91.18,91.2,91.040001,91.074997
XLU,2025-10-13 13:30:00,91.07,91.099998,90.995,91.019997
XLU,2025-10-13 13:45:00,91.019997,91.039902,90.91,90.99
XLU,2025-10-13 14:00:00,90.99,91.12,90.99,91.035004
XLU,2025-10-13 14:15:00,91.035004,91.17,91.019997,91.14
XLU,2025-10-13 14:30:00,91.145,91.31,91.145,91.235
XLU,2025-10-13 14:45:00,91.24,91.24,90.95,91.0
XLU,2025-10-13 15:00:00,91.010002,91.07,90.94,90.955
XLU,2025-10-13 15:15:00,90.955,91.099998,90.92,91.044998
XLU,2025-10-13 15:30:00,91.040001,91.059998,90.88,90.92
XLU,2025-10-13 15:45:00,90.92,90.99,90.83,90.86
XLU,2025-10-14 09:30:00,90.76,90.83,90.58,90.75
XLU,2025-10-14 09:45:00,90.745,91.23,90.74,91.16
XLU,2025-10-14 10:00:00,91.15,91.4,91.1,91.375
XLU,2025-10-14 10:15:00,91.39,91.39,91.07,91.135
XLU,2025-10-14 10:30:00,91.13,91.18,91.02,91.02
XLU,2025-10-14 10:45:00,91.02,91.205,90.96,91.18
XLU,2025-10-14 11:00:00,91.215,91.39,91.2,91.34
XLU,2025-10-14 11:15:00,91.355,91.365,91.22,91.26
XLU,2025-10-14 11:30:00,91.27,91.39,91.25,91.36
XLU,2025-10-14 11:45:00,91.37,91.61,91.36,91.54
XLU,2025-10-14 12:00:00,91.535,91.63,91.535,91.56
XLU,2025-10-14 12:15:00,91.565,91.69,91.56,91.66
XLU,2025-10-14 12:30:00,91.67,91.84,91.67,91.815
XLU,2025-10-14 12:45:00,91.83,91.93,91.82,91.84
XLU,2025-10-14 13:00:00,91.835,91.93,91.8,91.86
XLU,2025-10-14 13:15:00,91.875,91.9,91.82,91.84
XLU,2025-10-14 13:30:00,91.87,91.87,91.82,91.86
XLV,2025-10-08 15:45:00,144.625,144.75,144.45,144.49001
XLV,2025-10-09 09:30:00,144.78,145.10001,144.53,145.065002
XLV,2025-10-09 09:45:00,145.059998,145.25,144.86,144.98
XLV,2025-10-09 10:00:00,144.98,145.0099945,144.58,144.69
XLV,2025-10-09 10:15:00,144.685,144.765,144.52499,144.67
XLV,2025-10-09 10:30:00,144.67,144.74001,144.52499,144.64
XLV,2025-10-09 10:45:00,144.63499,144.745,144.55,144.72
XLV,2025-10-09 11:00:00,144.715,144.86,144.64,144.69
XLV,2025-10-09 11:15:00,144.69,144.81,144.55,144.56
XLV,2025-10-09 11:30:00,144.57001,144.58501,144.30499,144.38499
XLV,2025-10-09 11:45:00,144.39619,144.67999,144.39619,144.64999
XLV,2025-10-09 12:00:00,144.645,144.71001,144.38,144.38499
XLV,2025-10-09 12:15:00,144.38,144.5361,144.34,144.52
XLV,2025-10-09 12:30:00,144.515,144.60001,144.47,144.52
XLV,2025-10-09 12:45:00,144.52,144.63519,144.41499,144.45
XLV,2025-10-09 13:00:00,144.45,144.55499,144.33501,144.46001
XLV,2025-10-09 13:15:00,144.47,144.50999,144.405,144.41
XLV,2025-10-09 13:30:00,144.41,144.55,144.395,144.49001
XLV,2025-10-09 13:45:00,144.49001,144.565,144.39999,144.425
XLV,2025-10-09 14:00:00,144.42999,144.42999,144.16499,144.2
XLV,2025-10-09 14:15:00,144.2,144.33501,144.17999,144.30589
XLV,2025-10-09 14:30:00,144.3,144.4287,144.28,144.33501
XLV,2025-10-09 14:45:00,144.34,144.34,144.10001,144.12
XLV,2025-10-09 15:00:00,144.12,144.12,144.0050049,144.044998
XLV,2025-10-09 15:15:00,144.050003,144.089996,143.955,144.0099945
XLV,2025-10-09 15:30:00,144.0,144.16499,143.99001,144.16
XLV,2025-10-09 15:45:00,144.17,144.28,144.12,144.24001
XLV,2025-10-10 09:30:00,144.61,144.74001,144.28999,144.395
XLV,2025-10-10 09:45:00,144.39,144.4301,143.92,144.10001
XLV,2025-10-10 10:00:00,144.10001,144.67,144.10001,144.48981
XLV,2025-10-10 10:15:00,144.49001,144.505,144.074997,144.17999
XLV,2025-10-10 10:30:00,144.17999,144.42999,144.11,144.38
XLV,2025-10-10 10:45:00,144.39,144.52,143.72,143.88
XLV,2025-10-10 11:00:00,143.87,143.97,143.42999,143.91
XLV,2025-10-10 11:15:00,143.89999,143.995,143.45,143.53
XLV,2025-10-10 11:30:00,143.52,143.59,143.16,143.46001
XLV,2025-10-10 11:45:00,143.45,143.5,142.96001,143.080002
XLV,2025-10-10 12:00:00,143.070007,143.20509,142.89011,143.12
XLV,2025-10-10 12:15:00,143.11501,143.2962,143.037994,143.24001
XLV,2025-10-10 12:30:00,143.235,143.42,143.14,143.2
XLV,2025-10-10 12:45:00,143.2,143.27,142.89,143.0099945
XLV,2025-10-10 13:00:00,143.0099945,143.10001,142.81,142.8251
XLV,2025-10-10 13:15:00,142.83501,142.92,142.74001,142.855
XLV,2025-10-10 13:30:00,142.85001,142.92999,142.58,142.58
XLV,2025-10-10 13:45:00,142.57001,142.86,142.41499,142.86
XLV,2025-10-10 14:00:00,142.86,142.86,142.55499,142.61011
XLV,2025-10-10 14:15:00,142.61,142.7299,142.50999,142.59
XLV,2025-10-10 14:30:00,142.58,142.625,142.31,142.31
XLV,2025-10-10 14:45:00,142.31,142.41,142.17999,142.22501
XLV,2025-10-10 15:00:00,142.23,142.345,141.94,142.0099945
XLV,2025-10-10 15:15:00,142.0099945,142.19501,141.98,142.105
XLV,2025-10-10 15:30:00,142.11,142.31,141.96001,142.31
XLV,2025-10-10 15:45:00,142.31,142.58501,142.020004,142.11
XLV,2025-10-13 09:30:00,141.73,142.56,141.63,142.039993
XLV,2025-10-13 09:45:00,142.039993,142.405,141.78999,142.31
XLV,2025-10-13 10:00:00,142.31,142.35001,141.92999,142.10001
XLV,2025-10-13 10:15:00,142.11,142.41,142.0,142.020004
XLV,2025-10-13 10:30:00,142.024994,142.50999,141.97,142.42
XLV,2025-10-13 10:45:00,142.41,142.69,142.39,142.57001
XLV,2025-10-13 11:00:00,142.57001,142.72549,142.34,142.72
XLV,2025-10-13 11:15:00,142.715,142.825,142.67,142.8
XLV,2025-10-13 11:30:00,142.83,142.92999,142.67,142.75
XLV,2025-10-13 11:45:00,142.75,142.86,142.5999,142.63
XLV,2025-10-13 12:00:00,142.64999,142.69,142.5,142.61
XLV,2025-10-13 12:15:00,142.61501,142.75,142.59,142.64
XLV,2025-10-13 12:30:00,142.66,142.66,142.39999,142.48
XLV,2025-10-13 12:45:00,142.4807,142.71001,142.46001,142.66
XLV,2025-10-13 13:00:00,142.74001,142.795,142.60001,142.62
XLV,2025-10-13 13:15:00,142.61,142.66,142.42999,142.485
XLV,2025-10-13 13:30:00,142.49001,142.52,142.3,142.31
XLV,2025-10-13 13:45:00,142.30499,142.33,142.059998,142.25
XLV,2025-10-13 14:00:00,142.25,142.44,142.25,142.34
XLV,2025-10-13 14:15:00,142.34,142.5,142.32001,142.49001
XLV,2025-10-13 14:30:00,142.485,142.57001,142.315,142.35001
XLV,2025-10-13 14:45:00,142.34,142.34,141.88,141.895
XLV,2025-10-13 15:00:00,141.895,141.99001,141.74001,141.77499
XLV,2025-10-13 15:15:00,141.7659,142.11,141.75,142.050003
XLV,2025-10-13 15:30:00,142.039993,142.089996,141.935,142.050003
XLV,2025-10-13 15:45:00,142.039993,142.11,141.91499,141.94
XLV,2025-10-14 09:30:00,141.49,141.82,141.13,141.3
XLV,2025-10-14 09:45:00,141.3,141.64,141.11,141.59
XLV,2025-10-14 10:00:00,141.57,141.61,141.06,141.45
XLV,2025-10-14 10:15:00,141.48,141.84,141.48,141.67
XLV,2025-10-14 10:30:00,141.675,141.74,141.38,141.43
XLV,2025-10-14 10:45:00,141.43,141.75,141.42,141.715
XLV,2025-10-14 11:00:00,141.72,141.93,141.68,141.76
XLV,2025-10-14 11:15:00,141.77,141.855,141.37,141.41
XLV,2025-10-14 11:30:00,141.415,141.47,141.26,141.39
XLV,2025-10-14 11:45:00,141.42,141.84,141.41,141.725
XLV,2025-10-14 12:00:00,141.76,141.8,141.585,141.65
XLV,2025-10-14 12:15:00,141.65,141.99,141.65,141.86
XLV,2025-10-14 12:30:00,141.86,142.06,141.85,142.02
XLV,2025-10-14 12:45:00,142.015,142.2,142.015,142.04
XLV,2025-10-14 13:00:00,142.04,142.2,141.98,142.15
XLV,2025-10-14 13:15:00,142.14,142.355,142.14,142.295
XLV,2025-10-14 13:30:00,142.33,142.39,142.32,142.33
XLV,2025-10-14 13:45:00,142.57,142.86,142.55,142.79
XLV,2025-10-14 14:00:00,142.81,142.83,142.66,142.74
XLV,2025-10-14 14:15:00,142.72,142.77,142.55,142.56
XLV,2025-10-14 14:30:00,142.555,142.63,142.505,142.58
XLV,2025-10-14 14:45:00,142.57001,142.6158,142.345,142.38
XLV,2025-10-14 15:00:00,142.38,142.55499,142.37,142.535
XLV,2025-10-14 15:15:00,142.52,142.60001,142.485,142.50999
XLV,2025-10-14 15:30:00,142.50999,142.53,141.98,142.029999
XLV,2025-10-14 15:45:00,142.029999,142.41,141.985,142.33
XLV,2025-10-15 09:30:00,142.020004,142.60001,141.84,142.58
XLV,2025-10-15 09:45:00,142.6,142.81,142.315,142.8
XLV,2025-10-15 10:00:00,142.83,143.25,142.8,143.020004
XLV,2025-10-15 10:15:00,143.0099945,143.044998,142.67,142.73
XLV,2025-10-15 10:30:00,142.72,142.88499,142.67999,142.75
XLV,2025-10-15 10:45:00,142.75,142.795,142.56,142.69
XLV,2025-10-15 11:00:00,142.7,142.85001,142.62,142.74001
XLV,2025-10-15 11:15:00,142.745,142.765,142.55499,142.63499
XLV,2025-10-15 11:30:00,142.64,142.77,142.34,142.41
XLV,2025-10-15 11:45:00,142.42999,142.52,142.32001,142.44
XLV,2025-10-15 12:00:00,142.44,142.56,142.345,142.47
XLV,2025-10-15 12:15:00,142.46001,142.64,142.425,142.425
XLV,2025-10-15 12:30:00,142.425,142.45,142.25,142.33501
XLV,2025-10-15 12:45:00,142.32001,142.33,142.085007,142.14999
XLV,2025-10-15 13:00:00,142.14,142.14,141.58,141.58501
XLV,2025-10-15 13:15:00,141.56,141.73,141.36,141.59
XLV,2025-10-15 13:30:00,141.5845,141.88,141.545,141.87849
XLV,2025-10-15 13:45:00,141.87,142.16,141.825,142.14999
XLV,2025-10-15 14:00:00,142.14,142.3,142.054993,142.295
XLV,2025-10-15 14:15:00,142.3,142.39,142.285,142.38
XLV,2025-10-15 14:30:00,142.36,142.50999,142.36,142.45
XLV,2025-10-15 14:45:00,142.49001,142.675,142.4048,142.66
XLV,2025-10-15 15:00:00,142.65421,142.67,142.53999,142.605
XLV,2025-10-15 15:15:00,142.61,142.72,142.58,142.61
XLV,2025-10-15 15:30:00,142.61,142.62,142.42999,142.545
XLV,2025-10-15 15:45:00,142.53999,142.57001,142.28999,142.56
XLV,2025-10-16 09:30:00,142.815,143.05,142.46,142.87
XLV,2025-10-16 09:45:00,142.84,143.595,142.78,143.595
XLV,2025-10-16 10:00:00,143.6,143.64,143.1,143.18
XLV,2025-10-16 10:15:00,143.2,143.42,143.15,143.42
XLV,2025-10-16 10:30:00,143.42,143.46,143.18,143.23
XLV,2025-10-16 10:45:00,143.24,143.26,142.95,143.18
XLV,2025-10-16 11:00:00,143.2,143.45,143.05,143.4
XLV,2025-10-16 11:15:00,143.4,143.4,143.07,143.09
XLV,2025-10-16 11:30:00,143.07,143.15,142.805,142.87
XLV,2025-10-16 11:45:00,142.85,142.93,142.72,142.87
XLV,2025-10-16 12:00:00,142.86,143.07,142.84,143.005
XLV,2025-10-16 12:15:00,143.0,143.07,142.76,142.82
XLV,2025-10-16 12:30:00,142.67,142.67,142.33,142.45
XLV,2025-10-16 12:45:00,142.43,142.73,142.27,142.59
XLV,2025-10-16 13:00:00,142.94,142.97,142.69,142.86
XLV,2025-10-16 13:15:00,142.82,143.08,142.74,142.91
XLV,2025-10-16 13:30:00,142.9,142.97,142.59,142.64
XLV,2025-10-16 13:45:00,142.635,142.64,142.47,142.57
XLV,2025-10-16 14:00:00,142.57,142.57,142.46,142.46
XLV,2025-10-16 14:15:00,142.27,142.34,142.11,142.22
XLV,2025-10-16 14:30:00,142.18,142.23,141.98,142.19
XLV,2025-10-16 14:45:00,142.31,142.46001,142.255,142.30499
XLV,2025-10-16 15:00:00,142.3,142.33,142.050003,142.13
XLV,2025-10-16 15:15:00,142.13,142.19,142.039993,142.13
XLV,2025-10-16 15:30:00,142.13,142.25999,142.039993,142.16499
XLV,2025-10-16 15:45:00,142.16499,142.34,142.10249,142.34
XLV,2025-10-17 09:30:00,141.58,142.47,141.39,142.33
XLV,2025-10-17 09:45:00,142.33,142.86,142.14,142.46001
XLV,2025-10-17 10:00:00,142.45,142.45,141.92999,142.38
XLV,2025-10-17 10:15:00,142.37,142.46001,142.085007,142.28
XLV,2025-10-17 10:30:00,142.27,142.3,141.96001,142.0
XLV,2025-10-17 10:45:00,141.99001,142.32001,141.99001,142.089996
XLV,2025-10-17 11:00:00,142.070007,142.46001,142.014999,142.10001
XLV,2025-10-17 11:15:00,142.105,142.53999,142.10001,142.50999
XLV,2025-10-17 11:30:00,142.52,142.82001,142.34,142.78999
XLV,2025-10-17 11:45:00,142.77,142.86,142.64999,142.72
XLV,2025-10-17 12:00:00,142.71001,142.78999,142.64,142.72
XLV,2025-10-17 12:15:00,142.72,142.77499,142.55499,142.7
XLV,2025-10-17 12:30:00,142.7,142.78999,142.55499,142.59
XLV,2025-10-17 12:45:00,142.58,142.77,142.455,142.55
XLV,2025-10-17 13:00:00,142.545,142.545,142.3,142.34
XLV,2025-10-17 13:15:00,142.36,142.39999,142.25,142.36
XLV,2025-10-17 13:30:00,142.35001,142.685,142.32001,142.41
XLV,2025-10-17 13:45:00,142.41,142.67999,142.36,142.64
XLV,2025-10-17 14:00:00,142.64,142.86,142.64,142.81
XLV,2025-10-17 14:15:00,142.815,143.059998,142.81,142.995
XLV,2025-10-17 14:30:00,142.995,143.24001,142.935,143.10001
XLV,2025-10-17 14:45:00,143.11,143.22,143.10001,143.17
XLV,2025-10-17 15:00:00,143.17,143.3551,143.1241,143.35001
XLV,2025-10-17 15:15:00,143.34,143.36501,143.255,143.36501
XLV,2025-10-17 15:30:00,143.36501,143.4156,143.25,143.34
XLV,2025-10-17 15:45:00,143.34,143.37,143.16,143.25999
XLY,2025-10-08 15:45:00,236.44,236.71001,236.35001,236.39
XLY,2025-10-09 09:30:00,235.49001,235.57001,234.45,234.5
XLY,2025-10-09 09:45:00,234.5,234.58,233.95,234.21001
XLY,2025-10-09 10:00:00,234.024994,234.535,234.0,234.48
XLY,2025-10-09 10:15:00,234.47,234.71001,234.345,234.42999
XLY,2025-10-09 10:30:00,234.19,234.39,233.59,233.66
XLY,2025-10-09 10:45:00,233.72,234.24001,233.565,234.16
XLY,2025-10-09 11:00:00,234.17,234.25,234.054993,234.12
XLY,2025-10-09 11:15:00,234.13,234.37,234.12,234.2
XLY,2025-10-09 11:30:00,234.19,234.25,233.92,234.050003
XLY,2025-10-09 11:45:00,234.080002,234.39999,233.99001,234.28999
XLY,2025-10-09 12:00:00,234.28999,234.42999,234.22,234.22
XLY,2025-10-09 12:15:00,234.23,234.53,234.19,234.42999
XLY,2025-10-09 12:30:00,234.44501,234.73,234.36,234.55
XLY,2025-10-09 12:45:00,234.56,234.855,234.28,234.33
XLY,2025-10-09 13:00:00,234.33,234.39,233.96001,234.14
XLY,2025-10-09 13:15:00,234.14999,234.17999,233.89,234.0050049
XLY,2025-10-09 13:30:00,234.0,234.315,233.84,234.31
XLY,2025-10-09 13:45:00,234.31,234.5,234.2,234.5
XLY,2025-10-09 14:00:00,234.49001,234.49001,234.205,234.44
XLY,2025-10-09 14:15:00,234.44,234.715,234.395,234.57001
XLY,2025-10-09 14:30:00,234.565,234.755,234.535,234.64999
XLY,2025-10-09 14:45:00,234.66499,234.96001,234.60001,234.92
XLY,2025-10-09 15:00:00,234.91,235.14,234.80499,235.020004
XLY,2025-10-09 15:15:00,235.0071564,235.22501,234.91,235.089996
XLY,2025-10-09 15:30:00,235.089996,235.25999,235.029999,235.19
XLY,2025-10-09 15:45:00,235.2,235.42999,235.065002,235.23
XLY,2025-10-10 09:30:00,235.33,236.33,235.2,236.2
XLY,2025-10-10 09:45:00,236.25999,236.42,235.45,235.72
XLY,2025-10-10 10:00:00,235.73,235.89999,234.91,235.0099945
XLY,2025-10-10 10:15:00,235.039993,235.53999,234.92999,235.50999
XLY,2025-10-10 10:30:00,235.515,235.83,235.34,235.83
XLY,2025-10-10 10:45:00,235.82001,236.19501,233.85001,234.42
XLY,2025-10-10 11:00:00,234.42999,234.42999,232.37,233.3
XLY,2025-10-10 11:15:00,233.27,233.41,231.080002,231.34
XLY,2025-10-10 11:30:00,231.3,231.67,230.059998,231.63
XLY,2025-10-10 11:45:00,231.5,232.080002,230.88,231.36
XLY,2025-10-10 12:00:00,231.33,231.34,230.61,231.19
XLY,2025-10-10 12:15:00,231.12,231.49001,230.48,231.050003
XLY,2025-10-10 12:30:00,231.039993,231.5,230.63,230.72
XLY,2025-10-10 12:45:00,230.74001,230.91,230.0,230.21001
XLY,2025-10-10 13:00:00,230.22,230.38,229.53999,229.8
XLY,2025-10-10 13:15:00,229.82001,230.55,229.77,230.46001
XLY,2025-10-10 13:30:00,230.35001,230.92,230.24001,230.60001
XLY,2025-10-10 13:45:00,230.58,230.67999,230.10001,230.52
XLY,2025-10-10 14:00:00,230.53999,230.66,230.25,230.64
XLY,2025-10-10 14:15:00,230.64,230.82001,230.33,230.45
XLY,2025-10-10 14:30:00,230.44,230.61,230.14999,230.17999
XLY,2025-10-10 14:45:00,230.17999,230.36,229.67999,229.955
XLY,2025-10-10 15:00:00,229.94,230.35001,229.62,229.8
XLY,2025-10-10 15:15:00,229.8,229.97,229.24001,229.425
XLY,2025-10-10 15:30:00,229.5,229.67,228.78,229.66
XLY,2025-10-10 15:45:00,229.67,229.95,228.71001,228.71001
XLY,2025-10-13 09:30:00,230.85001,232.059998,230.47,231.77
XLY,2025-10-13 09:45:00,231.49001,232.17,231.38,232.14999
XLY,2025-10-13 10:00:00,232.10001,232.30499,231.69,232.050003
XLY,2025-10-13 10:15:00,232.10001,232.32001,231.5,232.0099945
XLY,2025-10-13 10:30:00,231.95,232.815,231.71001,232.25999
XLY,2025-10-13 10:45:00,232.28,232.39,231.31,231.57001
XLY,2025-10-13 11:00:00,231.61,232.020004,231.36,231.95
XLY,2025-10-13 11:15:00,231.95,232.67999,231.9325,232.60001
XLY,2025-10-13 11:30:00,232.61,232.825,232.46001,232.53
XLY,2025-10-13 11:45:00,232.545,232.85001,232.52,232.74001
XLY,2025-10-13 12:00:00,232.75999,233.020004,232.66,233.020004
XLY,2025-10-13 12:15:00,233.0099945,233.14999,232.66,232.761
XLY,2025-10-13 12:30:00,232.772,233.12,232.69,232.84
XLY,2025-10-13 12:45:00,232.84,233.24001,232.74001,233.19
XLY,2025-10-13 13:00:00,233.2,233.3,232.89999,232.95
XLY,2025-10-13 13:15:00,232.97,233.070007,232.78999,232.95
XLY,2025-10-13 13:30:00,232.97,233.059998,232.83,232.89999
XLY,2025-10-13 13:45:00,232.92,233.14,232.81,233.14
XLY,2025-10-13 14:00:00,233.13,233.75,233.080002,233.69
XLY,2025-10-13 14:15:00,233.72,234.14999,233.7,234.070007
XLY,2025-10-13 14:30:00,234.17,234.22,233.63,233.84
XLY,2025-10-13 14:45:00,233.84,233.84,233.19,233.22
XLY,2025-10-13 15:00:00,233.24001,233.50999,232.98,233.31
XLY,2025-10-13 15:15:00,233.34,233.74001,233.3,233.425
XLY,2025-10-13 15:30:00,233.42999,233.81,233.39999,233.75
XLY,2025-10-13 15:45:00,233.75999,233.97,233.45,233.89
XLY,2025-10-14 09:30:00,230.775,230.875,229.84,230.05
XLY,2025-10-14 09:45:00,230.05,231.49,229.92,231.37
XLY,2025-10-14 10:00:00,231.35,231.99,231.22,231.99
XLY,2025-10-14 10:15:00,232.0,232.61,231.88,232.59
XLY,2025-10-14 10:30:00,232.55,232.82,232.31,232.6
XLY,2025-10-14 10:45:00,232.58,232.75,232.355,232.62
XLY,2025-10-14 11:00:00,232.71,233.25,232.71,232.92
XLY,2025-10-14 11:15:00,232.91,232.96,232.59,232.75
XLY,2025-10-14 11:30:00,232.76,233.86,232.76,233.76
XLY,2025-10-14 11:45:00,233.79,234.25,233.79,234.03
XLY,2025-10-14 12:00:00,234.075,234.12,233.63,233.9
XLY,2025-10-14 12:15:00,233.89,234.76,233.89,234.67
XLY,2025-10-14 12:30:00,234.68,235.12,234.67,235.1
XLY,2025-10-14 12:45:00,235.12,235.68,235.07,235.07
XLY,2025-10-14 13:00:00,234.99,235.45,234.8,235.24
XLY,2025-10-14 13:15:00,235.22,235.61,235.15,235.49
XLY,2025-10-14 13:30:00,235.55,235.57,235.47,235.51
XLY,2025-10-14 13:45:00,235.38,235.65,235.23,235.26
XLY,2025-10-14 14:00:00,235.29,235.54,235.22,235.41
XLY,2025-10-14 14:15:00,235.41,235.535,235.29,235.46
XLY,2025-10-14 14:30:00,235.45,235.48,235.025,235.18
XLY,2025-10-14 14:45:00,235.15,235.17,235.15,235.17
XLY,2025-10-14 15:00:00,235.050003,235.28,235.020004,235.11
XLY,2025-10-14 15:15:00,235.13499,235.42,235.13499,235.325
XLY,2025-10-14 15:30:00,235.32001,235.36,233.56,233.71001
XLY,2025-10-14 15:45:00,233.72,234.49001,233.52,234.33
XLY,2025-10-15 09:30:00,235.42,236.21001,235.125,236.039993
XLY,2025-10-15 09:45:00,236.039993,236.56,235.73,236.41499
XLY,2025-10-15 10:00:00,236.42,236.99001,236.33,236.74001
XLY,2025-10-15 10:15:00,236.78999,236.96001,236.53,236.7
XLY,2025-10-15 10:30:00,236.71001,236.77,236.144,236.28999
XLY,2025-10-15 10:45:00,236.31,236.37,236.074997,236.17
XLY,2025-10-15 11:00:00,236.19,236.205,235.63,235.78
XLY,2025-10-15 11:15:00,235.78,236.125,235.59,235.715
XLY,2025-10-15 11:30:00,235.715,235.88,234.82001,235.0099945
XLY,2025-10-15 11:45:00,235.020004,235.029999,234.35001,234.86
XLY,2025-10-15 12:00:00,234.85001,235.23,234.71001,235.14
XLY,2025-10-15 12:15:00,235.14,235.53,234.92,235.21001
XLY,2025-10-15 12:30:00,235.21001,235.30499,234.83501,234.965
XLY,2025-10-15 12:45:00,234.97,234.97,234.63,234.67999
XLY,2025-10-15 13:00:00,234.7,234.71001,233.050003,233.105
XLY,2025-10-15 13:15:00,233.070007,233.85001,232.75999,233.48
XLY,2025-10-15 13:30:00,233.45,234.24001,233.41,234.22
XLY,2025-10-15 13:45:00,234.25,234.75999,234.21001,234.67999
XLY,2025-10-15 14:00:00,234.66,234.745,234.27,234.57001
XLY,2025-10-15 14:15:00,234.57001,234.83,234.53999,234.58
XLY,2025-10-15 14:30:00,234.59,235.080002,234.55,234.96001
XLY,2025-10-15 14:45:00,234.96001,235.13,234.82001,235.020004
XLY,2025-10-15 15:00:00,235.0099945,235.050003,234.48,234.69
XLY,2025-10-15 15:15:00,234.69,234.94,234.69,234.8
XLY,2025-10-15 15:30:00,234.8,234.8,234.3,234.66
XLY,2025-10-15 15:45:00,234.64999,234.75,234.2,234.74001
XLY,2025-10-16 09:30:00,234.78,235.5,234.78,235.06
XLY,2025-10-16 09:45:00,235.09,235.36,234.63,235.36
XLY,2025-10-16 10:00:00,235.22,235.38,234.685,234.9
XLY,2025-10-16 10:15:00,234.9,235.14,234.55,234.84
XLY,2025-10-16 10:30:00,234.92,235.52,234.84,235.52
XLY,2025-10-16 10:45:00,235.49,235.53,234.88,234.99
XLY,2025-10-16 11:00:00,235.01,235.21,234.65,235.19
XLY,2025-10-16 11:15:00,235.13,235.23,234.24,234.33
XLY,2025-10-16 11:30:00,234.34,234.82,234.125,234.295
XLY,2025-10-16 11:45:00,234.19,234.34,233.79,234.03
XLY,2025-10-16 12:00:00,234.0,234.185,233.585,234.03
XLY,2025-10-16 12:15:00,234.01,234.16,233.34,233.44
XLY,2025-10-16 12:30:00,233.11,233.11,232.15,232.51
XLY,2025-10-16 12:45:00,232.49,232.925,231.98,232.81
XLY,2025-10-16 13:00:00,233.33,233.51,232.68,233.07
XLY,2025-10-16 13:15:00,233.04,233.68,232.87,233.34
XLY,2025-10-16 13:30:00,233.39,233.5,232.565,232.695
XLY,2025-10-16 13:45:00,232.705,232.71,232.53,232.62
XLY,2025-10-16 14:00:00,232.47,232.53,232.39,232.39
XLY,2025-10-16 14:15:00,231.37,231.63,231.03,231.44
XLY,2025-10-16 14:30:00,231.22,231.35,230.68,231.14
XLY,2025-10-16 14:45:00,231.7,232.2,231.59,232.19
XLY,2025-10-16 15:00:00,232.2,232.64,232.0099945,232.035004
XLY,2025-10-16 15:15:00,232.059998,232.12,231.55,231.87
XLY,2025-10-16 15:30:00,231.77,232.155,231.62,232.059998
XLY,2025-10-16 15:45:00,232.070007,232.81,231.92999,232.42
XLY,2025-10-17 09:30:00,232.3,233.080002,231.75,231.99001
XLY,2025-10-17 09:45:00,231.97,233.75,231.86,233.070007
XLY,2025-10-17 10:00:00,233.059998,234.24001,232.67,234.14999
XLY,2025-10-17 10:15:00,234.14999,234.38,233.78,234.050003
XLY,2025-10-17 10:30:00,233.84,234.10001,233.17999,233.39
XLY,2025-10-17 10:45:00,233.39999,234.020004,232.92,232.96001
XLY,2025-10-17 11:00:00,232.95,233.8,232.89,232.89
XLY,2025-10-17 11:15:00,232.89,233.24001,232.52,232.95
XLY,2025-10-17 11:30:00,232.97,233.52,232.45,233.42999
XLY,2025-10-17 11:45:00,233.39,233.91,233.28999,233.73
XLY,2025-10-17 12:00:00,233.73,234.44,233.7,234.32001
XLY,2025-10-17 12:15:00,234.32001,234.53999,234.14999,234.39
XLY,2025-10-17 12:30:00,234.37,234.485,233.75,233.88
XLY,2025-10-17 12:45:00,233.875,234.265,233.48,233.74001
XLY,2025-10-17 13:00:00,233.74001,233.85001,233.47,233.75
XLY,2025-10-17 13:15:00,233.75,233.75,233.27,233.53999
XLY,2025-10-17 13:30:00,233.53,234.029999,233.42999,233.52
XLY,2025-10-17 13:45:00,233.47501,234.33,233.37,234.23
XLY,2025-10-17 14:00:00,234.28,234.59,234.19,234.39999
XLY,2025-10-17 14:15:00,234.38,234.78999,234.36,234.64999
XLY,2025-10-17 14:30:00,234.64,234.72,234.19,234.24001
XLY,2025-10-17 14:45:00,234.27,234.5,234.24001,234.27
XLY,2025-10-17 15:00:00,234.28999,234.78999,234.23,234.75999
XLY,2025-10-17 15:15:00,234.78,234.98,234.58501,234.63499
XLY,2025-10-17 15:30:00,234.63,234.64,234.27,234.44
XLY,2025-10-17 15:45:00,234.46001,234.57001,234.35001,234.42999
