symbol,timestamp,open,high,low,close,volume
DIA,2025-10-10 11:30:00,459.42,459.83,457.72,459.83,684491.0
DIA,2025-10-10 11:45:00,459.77,460.44,458.27,458.76,487569.0
DIA,2025-10-10 12:00:00,458.63,458.98,457.61,458.81,308061.0
DIA,2025-10-10 12:15:00,458.78,459.27,458.0,458.67,331189.0
DIA,2025-10-10 12:30:00,458.64,459.59,458.48,458.66,386693.0
DIA,2025-10-10 12:45:00,458.62,458.94,457.7,457.94,241634.0
DIA,2025-10-10 13:00:00,457.91,458.22,457.11,457.37,247805.0
DIA,2025-10-10 13:15:00,457.4,458.14,457.28,458.1,208388.0
DIA,2025-10-10 13:30:00,458.11,458.85,457.72,457.94,276833.0
DIA,2025-10-10 13:45:00,457.93,458.22,457.52,458.2,174500.0
DIA,2025-10-10 14:00:00,458.26,458.27,457.6,458.19,181181.0
DIA,2025-10-10 14:15:00,458.17,458.44,457.66,457.93,186540.0
DIA,2025-10-10 14:30:00,457.94,458.2,457.13,457.16,132682.0
DIA,2025-10-10 14:45:00,457.19,457.52,456.68,456.89,144814.0
DIA,2025-10-10 15:00:00,456.85,457.5,456.36,456.52,173888.0
DIA,2025-10-10 15:15:00,456.55,456.89,455.86,456.11,252538.0
DIA,2025-10-10 15:30:00,456.19,456.43,455.1642,456.42,307866.0
DIA,2025-10-10 15:45:00,456.44,456.95,454.72,454.9325,832858.0
DIA,2025-10-10 16:00:00,454.93,455.63,454.4,455.5,464460.0
DIA,2025-10-10 16:15:00,455.4,455.5,454.8156,455.5,8716.0
DIA,2025-10-10 16:30:00,455.45,455.47,455.2,455.2,1943.0
DIA,2025-10-10 16:45:00,455.11,455.24,451.72,452.74,25345.0
DIA,2025-10-10 17:00:00,452.88,454.87,451.32,452.0267,47542.0
DIA,2025-10-10 17:15:00,451.32,453.16,451.32,453.16,1517.0
DIA,2025-10-10 17:30:00,452.8,453.1599,451.8,452.15,2154.0
DIA,2025-10-10 17:45:00,452.295,452.54,451.0,451.3,2664.0
DIA,2025-10-10 18:00:00,451.0,453.0,450.0,452.0,2865.0
DIA,2025-10-10 18:15:00,452.03,453.0,451.21,452.69,1279.0
DIA,2025-10-10 18:30:00,454.87,454.87,451.0,451.0,150924.0
DIA,2025-10-10 18:45:00,451.71,452.01,451.0,451.92,508.0
DIA,2025-10-10 19:00:00,451.76,452.7,451.0,452.12,194.0
DIA,2025-10-10 19:15:00,452.12,452.8,452.0,452.7,162.0
DIA,2025-10-10 19:30:00,452.8,453.95,452.34,453.69,582.0
DIA,2025-10-10 19:45:00,454.0,454.33,453.45,453.45,281.0
DIA,2025-10-10 20:00:00,454.87,454.87,454.87,454.87,148042.0
DIA,2025-10-13 04:00:00,456.48,460.39,456.48,459.69,5852.0
DIA,2025-10-13 04:15:00,459.65,459.8,459.38,459.49,1693.0
DIA,2025-10-13 04:30:00,459.6,459.77,459.26,459.26,1548.0
DIA,2025-10-13 04:45:00,459.36,459.38,459.31,459.38,323.0
DIA,2025-10-13 05:00:00,459.41,459.57,459.33,459.33,232.0
DIA,2025-10-13 05:15:00,459.4,459.6,459.32,459.33,1799.0
DIA,2025-10-13 05:30:00,459.22,459.3,459.15,459.23,489.0
DIA,2025-10-13 05:45:00,459.3,459.44,459.24,459.3,6444.0
DIA,2025-10-13 06:00:00,459.26,459.35,459.21,459.35,3329.0
DIA,2025-10-13 06:15:00,459.31,459.31,459.0,459.13,838.0
DIA,2025-10-13 06:30:00,459.35,459.46,459.0,459.0,642.0
DIA,2025-10-13 06:45:00,459.04,459.1,458.89,459.05,1330.0
DIA,2025-10-13 07:00:00,459.16,459.7,457.84,458.44,16237.0
DIA,2025-10-13 07:15:00,458.36,458.5,458.29,458.31,1580.0
DIA,2025-10-13 07:30:00,458.4,458.62,458.27,458.61,2948.0
DIA,2025-10-13 07:45:00,458.62,458.71,458.34,458.41,1321.0
DIA,2025-10-13 08:00:00,458.36,460.34,454.8134,458.2,69106.0
DIA,2025-10-13 08:15:00,458.37,458.55,454.87,458.4,1180.0
DIA,2025-10-13 08:30:00,458.49,458.84,458.46,458.84,1332.0
DIA,2025-10-13 08:45:00,458.83,459.05,458.75,458.89,2212.0
DIA,2025-10-13 09:00:00,458.84,458.98,458.27,458.98,10703.0
DIA,2025-10-13 09:15:00,458.855,458.96,458.1,458.23,6297.0
DIA,2025-10-13 09:30:00,458.23,459.95,458.06,459.01,728542.0
DIA,2025-10-13 09:45:00,459.0,460.06,458.45,460.01,401937.0
DIA,2025-10-13 10:00:00,459.95,460.29,459.15,459.4,362894.0
DIA,2025-10-13 10:15:00,459.48,459.94,458.36,458.81,250476.0
DIA,2025-10-13 10:30:00,458.83,459.98,458.34,459.66,203520.0
DIA,2025-10-13 10:45:00,459.62,459.83,458.84,458.98,284743.0
DIA,2025-10-13 11:00:00,459.01,459.8913,458.66,459.82,213584.0
DIA,2025-10-13 11:15:00,459.83,460.79,459.74,460.79,284731.0
DIA,2025-10-13 11:30:00,460.79,461.21,460.46,460.525,203574.0
DIA,2025-10-13 11:45:00,460.51,460.89,460.41,460.55,147710.0
DIA,2025-10-13 12:00:00,460.6,460.91,460.42,460.85,136041.0
DIA,2025-10-13 12:15:00,460.89,461.21,460.36,460.79,304313.0
DIA,2025-10-13 12:30:00,460.79,461.14,460.7,460.83,85100.0
DIA,2025-10-13 12:45:00,460.81,461.35,460.57,461.3,246905.0
DIA,2025-10-13 13:00:00,461.31,461.56,460.71,460.75,132603.0
DIA,2025-10-13 13:15:00,460.79,460.915,460.38,460.42,98927.0
DIA,2025-10-13 13:30:00,460.43,460.63,460.18,460.2195,65941.0
DIA,2025-10-13 13:45:00,460.23,460.53,459.91,460.52,70696.0
DIA,2025-10-13 14:00:00,460.56,461.11,460.49,460.92,70575.0
DIA,2025-10-13 14:15:00,460.91,461.27,460.9,461.14,141474.0
DIA,2025-10-13 14:30:00,461.14,461.37,460.45,460.65,132880.0
DIA,2025-10-13 14:45:00,460.65,460.67,459.72,459.8,113392.0
DIA,2025-10-13 15:00:00,459.82,460.3099,459.63,459.92,165681.0
DIA,2025-10-13 15:15:00,459.9,460.68,459.85,460.54,198290.0
DIA,2025-10-13 15:30:00,460.53,461.06,460.49,460.99,179618.0
DIA,2025-10-13 15:45:00,460.99,461.19,460.66,460.7,631093.0
DIA,2025-10-13 16:00:00,460.7,460.85,460.5,460.61,204231.0
DIA,2025-10-13 16:15:00,460.64,460.68,460.51,460.58,1905.0
DIA,2025-10-13 16:30:00,460.54,460.65,460.49,460.56,2531.0
DIA,2025-10-13 16:45:00,460.615,460.69,460.47,460.67,3019.0
DIA,2025-10-13 17:00:00,460.73,461.24,460.68,460.87,192859.0
DIA,2025-10-13 17:15:00,460.56,461.2,460.53,460.76,313.0
DIA,2025-10-13 17:30:00,460.96,460.96,460.5,460.83,8.0
DIA,2025-10-13 17:45:00,461.0,461.25,460.5257,460.53,176.0
DIA,2025-10-13 18:00:00,460.83,461.13,460.83,460.94,45.0
DIA,2025-10-13 18:15:00,461.08,461.2,460.91,460.91,46.0
DIA,2025-10-13 18:30:00,460.68,461.0585,460.68,460.93,63153.0
DIA,2025-10-13 18:45:00,460.99,461.1,460.99,461.095,62.0
DIA,2025-10-13 19:00:00,460.99,461.0,460.89,460.9,54.0
DIA,2025-10-13 19:15:00,460.8499,461.04,460.8,461.04,145.0
DIA,2025-10-13 19:30:00,460.8449,460.86,460.68,460.68,56.0
DIA,2025-10-13 19:45:00,460.76,460.919,460.73,460.9187,733.0
DIA,2025-10-13 20:00:00,460.68,460.68,460.68,460.68,63139.0
EWJ,2025-10-10 10:30:00,79.71,79.76,79.625,79.68,233175.0
EWJ,2025-10-10 10:45:00,79.685,79.785,79.45,79.47,691623.0
EWJ,2025-10-10 11:00:00,79.47,79.47,79.15,79.38,805174.0
EWJ,2025-10-10 11:15:00,79.37,79.435,78.95,79.055,622987.0
EWJ,2025-10-10 11:30:00,79.05,79.125,78.81,79.125,846232.0
EWJ,2025-10-10 11:45:00,79.12,79.255,78.925,79.06,534730.0
EWJ,2025-10-10 12:00:00,79.06,79.06,78.9,79.05,384051.0
EWJ,2025-10-10 12:15:00,79.04,79.065,78.84,78.895,383221.0
EWJ,2025-10-10 12:30:00,78.895,78.99,78.821,78.85,326135.0
EWJ,2025-10-10 12:45:00,78.85,78.89,78.655,78.67,392642.0
EWJ,2025-10-10 13:00:00,78.66,78.69,78.48,78.53,316217.0
EWJ,2025-10-10 13:15:00,78.54,78.67,78.51,78.65,282784.0
EWJ,2025-10-10 13:30:00,78.65,78.735,78.58,78.625,272340.0
EWJ,2025-10-10 13:45:00,78.62,78.63,78.525,78.59,376252.0
EWJ,2025-10-10 14:00:00,78.6,78.6255,78.485,78.625,229585.0
EWJ,2025-10-10 14:15:00,78.62,78.69,78.545,78.6,326438.0
EWJ,2025-10-10 14:30:00,78.6,78.65,78.49,78.49,280719.0
EWJ,2025-10-10 14:45:00,78.49,78.55,78.39,78.425,224242.0
EWJ,2025-10-10 15:00:00,78.43,78.5351,78.355,78.3951,214741.0
EWJ,2025-10-10 15:15:00,78.39,78.485,78.33,78.38,284287.0
EWJ,2025-10-10 15:30:00,78.37,78.435,78.205,78.425,462787.0
EWJ,2025-10-10 15:45:00,78.43,78.49,78.27,78.38,1144415.0
EWJ,2025-10-10 16:00:00,78.36,78.54,78.16,78.16,1095004.0
EWJ,2025-10-10 16:15:00,78.36,78.36,78.015,78.015,6423.0
EWJ,2025-10-10 16:30:00,78.35,78.42,78.0,78.0,691.0
EWJ,2025-10-10 16:45:00,78.01,78.77,77.62,77.62,2777.0
EWJ,2025-10-10 17:00:00,77.651,78.25,77.651,77.99,406.0
EWJ,2025-10-10 17:15:00,78.15,78.15,77.79,77.79,156.0
EWJ,2025-10-10 17:30:00,78.0,78.0,77.73,77.73,205.0
EWJ,2025-10-10 17:45:00,77.9,78.2499,77.65,77.99,2738.0
EWJ,2025-10-10 18:00:00,77.71,77.71,77.62,77.65,286.0
EWJ,2025-10-10 18:15:00,77.63,77.65,77.62,77.63,1056.0
EWJ,2025-10-10 18:30:00,78.36,78.36,77.62,77.98,363465.0
EWJ,2025-10-10 18:45:00,77.63,77.8,77.62,77.77,272.0
EWJ,2025-10-10 19:00:00,77.75,78.03,77.62,78.03,253.0
EWJ,2025-10-10 19:15:00,77.63,77.64,77.63,77.64,18.0
EWJ,2025-10-10 19:30:00,77.97,78.02,77.97,77.97,40.0
EWJ,2025-10-10 19:45:00,78.02,78.15,77.62,77.62,155.0
EWJ,2025-10-10 20:00:00,78.36,78.36,78.36,78.36,362163.0
EWJ,2025-10-13 04:00:00,79.68,79.68,78.9,79.05,670.0
EWJ,2025-10-13 04:15:00,79.05,79.05,78.93,78.93,55.0
EWJ,2025-10-13 04:30:00,78.9,78.93,78.9,78.93,12.0
EWJ,2025-10-13 04:45:00,78.87,78.87,78.87,78.87,267.0
EWJ,2025-10-13 05:00:00,78.99,78.99,78.91,78.91,375.0
EWJ,2025-10-13 05:15:00,78.94,78.97,78.9,78.95,811.0
EWJ,2025-10-13 05:30:00,78.98,79.03,78.94,79.03,597.0
EWJ,2025-10-13 05:45:00,78.97,79.04,78.91,78.91,207.0
EWJ,2025-10-13 06:00:00,79.0,79.0,79.0,79.0,10.0
EWJ,2025-10-13 06:15:00,78.98,78.98,78.95,78.96,94.0
EWJ,2025-10-13 06:45:00,78.97,79.0,78.8,78.8,302.0
EWJ,2025-10-13 07:00:00,78.97,78.97,78.89,78.89,52.0
EWJ,2025-10-13 07:15:00,78.8,78.8,78.8,78.8,25.0
EWJ,2025-10-13 07:30:00,78.96,78.96,78.96,78.96,2.0
EWJ,2025-10-13 07:45:00,79.0,79.0,79.0,79.0,2.0
EWJ,2025-10-13 08:00:00,79.0245,79.16,78.35,78.8,3342.0
EWJ,2025-10-13 08:15:00,78.97,79.0,78.97,78.99,81.0
EWJ,2025-10-13 08:30:00,79.0,79.09,78.99,79.09,1211.0
EWJ,2025-10-13 08:45:00,79.14,79.14,79.0,79.01,1938.0
EWJ,2025-10-13 09:00:00,79.02,79.05,78.96,78.99,5479.0
EWJ,2025-10-13 09:15:00,78.98,79.07,78.96,79.0,3504.0
EWJ,2025-10-13 09:30:00,79.02,79.1,78.84,78.97,592096.0
EWJ,2025-10-13 09:45:00,78.965,79.28,78.95,79.24,293066.0
EWJ,2025-10-13 10:00:00,79.25,79.28,79.14,79.14,270994.0
EWJ,2025-10-13 10:15:00,79.14,79.18,79.005,79.04,328211.0
EWJ,2025-10-13 10:30:00,79.04,79.17,78.98,79.13,142429.0
EWJ,2025-10-13 10:45:00,79.125,79.17,79.015,79.0335,160251.0
EWJ,2025-10-13 11:00:00,79.04,79.24,79.025,79.23,191042.0
EWJ,2025-10-13 11:15:00,79.23,79.36,79.23,79.29,297211.0
EWJ,2025-10-13 11:30:00,79.29,79.36,79.24,79.25,884676.0
EWJ,2025-10-13 11:45:00,79.255,79.35,79.255,79.325,120191.0
EWJ,2025-10-13 12:00:00,79.33,79.375,79.315,79.35,92639.0
EWJ,2025-10-13 12:15:00,79.35,79.4,79.285,79.36,257675.0
EWJ,2025-10-13 12:30:00,79.365,79.39,79.315,79.3308,71833.0
EWJ,2025-10-13 12:45:00,79.32,79.44,79.31,79.415,114968.0
EWJ,2025-10-13 13:00:00,79.42,79.4401,79.33,79.34,86607.0
EWJ,2025-10-13 13:15:00,79.3397,79.36,79.295,79.31,64286.0
EWJ,2025-10-13 13:30:00,79.31,79.32,79.28,79.2899,182305.0
EWJ,2025-10-13 13:45:00,79.29,79.31,79.235,79.305,157659.0
EWJ,2025-10-13 14:00:00,79.305,79.39,79.295,79.385,212789.0
EWJ,2025-10-13 14:15:00,79.39,79.47,79.39,79.45,120601.0
EWJ,2025-10-13 14:30:00,79.45,79.4673,79.3546,79.37,189196.0
EWJ,2025-10-13 14:45:00,79.38,79.385,79.26,79.27,97970.0
EWJ,2025-10-13 15:00:00,79.28,79.34,79.235,79.3,128026.0
EWJ,2025-10-13 15:15:00,79.3015,79.415,79.3015,79.3444,120948.0
EWJ,2025-10-13 15:30:00,79.3499,79.38,79.3301,79.3656,157557.0
EWJ,2025-10-13 15:45:00,79.3672,79.37,79.29,79.31,1476092.0
EWJ,2025-10-13 16:00:00,79.29,79.3,79.16,79.29,1605079.0
EWJ,2025-10-13 16:15:00,79.29,79.29,79.28,79.29,6605.0
EWJ,2025-10-13 16:30:00,79.3,79.3,79.29,79.29,1837.0
EWJ,2025-10-13 16:45:00,80.24,80.24,80.1229,80.1229,301.0
EWJ,2025-10-13 17:00:00,79.29,79.31,79.29,79.31,65831.0
EWJ,2025-10-13 17:15:00,79.66,79.66,79.31,79.31,15.0
EWJ,2025-10-13 17:30:00,79.3,79.3,79.3,79.3,89.0
EWJ,2025-10-13 17:45:00,79.3,79.3,79.3,79.3,20.0
EWJ,2025-10-13 18:00:00,79.31,79.36,79.31,79.36,101.0
EWJ,2025-10-13 18:30:00,79.29,79.62,78.7,78.7,324402.0
EWJ,2025-10-13 18:45:00,79.36,79.36,79.36,79.36,2.0
EWJ,2025-10-13 19:15:00,79.52,79.54,79.49,79.49,4.0
EWJ,2025-10-13 19:30:00,79.4,79.53,79.4,79.49,79.0
EWJ,2025-10-13 20:00:00,79.29,79.29,79.29,79.29,324386.0
EWU,2025-10-09 10:00:00,42.405,42.415,42.38,42.39,32515.0
EWU,2025-10-09 10:15:00,42.395,42.425,42.34,42.34,22157.0
EWU,2025-10-09 10:30:00,42.32,42.325,42.29,42.29,53775.0
EWU,2025-10-09 10:45:00,42.28,42.305,42.27,42.29,11777.0
EWU,2025-10-09 11:00:00,42.29,42.3042,42.245,42.26,42491.0
EWU,2025-10-09 11:15:00,42.26,42.285,42.1748,42.1748,114862.0
EWU,2025-10-09 11:30:00,42.175,42.19,42.1348,42.15,243876.0
EWU,2025-10-09 11:45:00,42.155,42.225,42.1501,42.22,212542.0
EWU,2025-10-09 12:00:00,42.2172,42.2387,42.17,42.1701,66862.0
EWU,2025-10-09 12:15:00,42.17,42.185,42.1501,42.175,154565.0
EWU,2025-10-09 12:30:00,42.18,42.18,42.125,42.15,152264.0
EWU,2025-10-09 12:45:00,42.15,42.165,42.09,42.099,133051.0
EWU,2025-10-09 13:00:00,42.0999,42.1152,41.98,42.105,477477.0
EWU,2025-10-09 13:15:00,42.11,42.125,42.095,42.105,71842.0
EWU,2025-10-09 13:30:00,42.1,42.135,42.095,42.11,65747.0
EWU,2025-10-09 13:45:00,42.115,42.1199,42.0901,42.1,82447.0
EWU,2025-10-09 14:00:00,42.105,42.105,42.045,42.06,77131.0
EWU,2025-10-09 14:15:00,42.055,42.085,42.055,42.06,83643.0
EWU,2025-10-09 14:30:00,42.0555,42.0555,42.035,42.0401,66706.0
EWU,2025-10-09 14:45:00,42.04,42.04,42.0,42.025,46569.0
EWU,2025-10-09 15:00:00,42.025,42.0648,42.025,42.06,48717.0
EWU,2025-10-09 15:15:00,42.0535,42.09,42.0401,42.075,57024.0
EWU,2025-10-09 15:30:00,42.0715,42.1,42.07,42.085,39821.0
EWU,2025-10-09 15:45:00,42.085,42.1052,42.06,42.09,92368.0
EWU,2025-10-09 16:00:00,42.085,42.14,42.07,42.07,76833.0
EWU,2025-10-09 18:30:00,42.07,42.07,42.07,42.07,23185.0
EWU,2025-10-09 20:00:00,42.07,42.07,42.07,42.07,23185.0
EWU,2025-10-10 06:30:00,42.07,42.12,42.07,42.12,18.0
EWU,2025-10-10 08:00:00,42.36,42.36,42.36,42.36,5.0
EWU,2025-10-10 08:45:00,42.07,42.07,42.07,42.07,1.0
EWU,2025-10-10 09:00:00,42.0007,42.0007,42.0007,42.0007,200.0
EWU,2025-10-10 09:15:00,42.07,42.07,42.07,42.07,9.0
EWU,2025-10-10 09:30:00,42.1,42.1,42.065,42.085,26410.0
EWU,2025-10-10 09:45:00,42.09,42.11,42.05,42.075,60606.0
EWU,2025-10-10 10:00:00,42.075,42.135,42.045,42.105,43018.0
EWU,2025-10-10 10:15:00,42.1,42.1,42.05,42.05,67778.0
EWU,2025-10-10 10:30:00,42.06,42.11,42.06,42.095,82474.0
EWU,2025-10-10 10:45:00,42.095,42.13,41.94,41.96,351685.0
EWU,2025-10-10 11:00:00,41.96,42.07,41.91,42.04,291183.0
EWU,2025-10-10 11:15:00,42.035,42.05,41.92,41.95,136589.0
EWU,2025-10-10 11:30:00,41.95,41.99,41.875,41.97,109704.0
EWU,2025-10-10 11:45:00,41.98,42.015,41.885,41.91,103453.0
EWU,2025-10-10 12:00:00,41.91,41.91,41.85,41.9,83380.0
EWU,2025-10-10 12:15:00,41.9,41.9,41.83,41.87,38655.0
EWU,2025-10-10 12:30:00,41.88,41.905,41.85,41.855,51884.0
EWU,2025-10-10 12:45:00,41.855,41.86,41.765,41.78,106408.0
EWU,2025-10-10 13:00:00,41.785,41.79,41.72,41.735,31471.0
EWU,2025-10-10 13:15:00,41.74,41.79,41.74,41.79,36078.0
EWU,2025-10-10 13:30:00,41.795,41.84,41.79,41.81,52659.0
EWU,2025-10-10 13:45:00,41.805,41.815,41.77,41.815,40540.0
EWU,2025-10-10 14:00:00,41.815,41.815,41.77,41.8,30432.0
EWU,2025-10-10 14:15:00,41.81,41.8384,41.7992,41.815,22027.0
EWU,2025-10-10 14:30:00,41.82,41.8299,41.765,41.765,30057.0
EWU,2025-10-10 14:45:00,41.77,41.785,41.735,41.735,41277.0
EWU,2025-10-10 15:00:00,41.74,41.76,41.715,41.725,40126.0
EWU,2025-10-10 15:15:00,41.73,41.755,41.715,41.72,51144.0
EWU,2025-10-10 15:30:00,41.7297,41.74,41.685,41.74,55391.0
EWU,2025-10-10 15:45:00,41.75,41.8,41.72,41.74,413882.0
EWU,2025-10-10 16:00:00,41.73,42.445,41.63,42.445,185908.0
EWU,2025-10-10 16:15:00,41.73,41.73,41.73,41.73,111546.0
EWU,2025-10-10 16:30:00,41.73,41.73,41.73,41.73,2.0
EWU,2025-10-10 17:15:00,41.7,41.7,41.7,41.7,3.0
EWU,2025-10-10 18:15:00,41.51,41.51,41.51,41.51,221.0
EWU,2025-10-10 18:30:00,41.73,41.73,41.73,41.73,60304.0
EWU,2025-10-10 18:45:00,42.34,42.34,42.34,42.34,1.0
EWU,2025-10-10 20:00:00,41.73,41.73,41.73,41.73,60304.0
EWU,2025-10-13 04:00:00,41.84,41.84,41.84,41.84,10.0
EWU,2025-10-13 08:15:00,41.87,41.87,41.87,41.87,2.0
EWU,2025-10-13 08:45:00,41.82,41.82,41.82,41.82,1.0
EWU,2025-10-13 09:00:00,41.87,41.87,41.87,41.87,1.0
EWU,2025-10-13 09:15:00,41.79,41.79,41.79,41.79,2.0
EWU,2025-10-13 09:30:00,41.85,41.88,41.815,41.85,195753.0
EWU,2025-10-13 09:45:00,41.85,41.94,41.825,41.94,98296.0
EWU,2025-10-13 10:00:00,41.94,41.98,41.905,41.9076,80602.0
EWU,2025-10-13 10:15:00,41.9,41.93,41.87,41.87,30624.0
EWU,2025-10-13 10:30:00,41.87,41.965,41.87,41.965,47477.0
EWU,2025-10-13 10:45:00,41.9686,41.97,41.905,41.9356,132584.0
EWU,2025-10-13 11:00:00,41.935,41.96,41.895,41.9501,169123.0
EWU,2025-10-13 11:15:00,41.95,41.9957,41.95,41.96,121822.0
EWU,2025-10-13 11:30:00,41.965,41.985,41.96,41.9799,715006.0
EWU,2025-10-13 11:45:00,41.98,41.995,41.9501,41.955,145060.0
EWU,2025-10-13 12:00:00,41.96,41.9999,41.9523,41.995,52891.0
EWU,2025-10-13 12:15:00,42.0,42.0072,41.96,41.99,118517.0
EWU,2025-10-13 12:30:00,41.99,42.0,41.965,41.97,51070.0
EWU,2025-10-13 12:45:00,41.97,42.01,41.97,42.005,57426.0
EWU,2025-10-13 13:00:00,42.0099,42.03,41.975,41.98,38633.0
EWU,2025-10-13 13:15:00,41.985,41.995,41.975,41.9899,50068.0
EWU,2025-10-13 13:30:00,41.9899,41.995,41.98,41.98,69752.0
EWU,2025-10-13 13:45:00,41.98,42.0,41.97,41.99,467967.0
EWU,2025-10-13 14:00:00,41.985,42.0299,41.985,42.02,108591.0
EWU,2025-10-13 14:15:00,42.0283,42.045,42.025,42.0365,115425.0
EWU,2025-10-13 14:30:00,42.035,42.05,42.0016,42.01,205881.0
EWU,2025-10-13 14:45:00,42.01,42.03,41.955,41.965,354080.0
EWU,2025-10-13 15:00:00,41.97,41.985,41.96,41.96,73248.0
EWU,2025-10-13 15:15:00,41.965,42.015,41.965,42.005,46084.0
EWU,2025-10-13 15:30:00,42.0,42.02,41.995,42.015,52090.0
EWU,2025-10-13 15:45:00,42.015,42.015,41.98,41.99,112203.0
EWU,2025-10-13 16:00:00,41.99,41.99,41.985,41.99,72497.0
EWU,2025-10-13 18:30:00,41.99,41.99,41.99,41.99,19777.0
EWU,2025-10-13 20:00:00,41.99,41.99,41.99,41.99,19777.0
QQQ,2025-10-10 11:00:00,608.47,608.54,603.43,605.4,7983569.0
QQQ,2025-10-10 11:15:00,605.37,605.8,599.1001,599.565,7195858.0
QQQ,2025-10-10 11:30:00,599.5,600.64,595.93,600.53,7846943.0
QQQ,2025-10-10 11:45:00,600.51,610.29,598.38,599.74,4304896.0
QQQ,2025-10-10 12:00:00,599.64,611.55,597.95,599.4568,2984532.0
QQQ,2025-10-10 12:15:00,599.5,600.2164,597.701,598.81,2692484.0
QQQ,2025-10-10 12:30:00,598.74,599.92,597.24,597.52,2591254.0
QQQ,2025-10-10 12:45:00,597.56,610.15,595.42,595.67,3036257.0
QQQ,2025-10-10 13:00:00,595.64,596.13,594.33,594.7875,2540373.0
QQQ,2025-10-10 13:15:00,594.83,597.18,594.64,597.045,2490852.0
QQQ,2025-10-10 13:30:00,596.94,597.89,596.55,596.8755,3079438.0
QQQ,2025-10-10 13:45:00,596.83,597.03,595.38,596.18,1661515.0
QQQ,2025-10-10 14:00:00,596.22,596.43,595.2712,596.375,1270447.0
QQQ,2025-10-10 14:15:00,596.34,597.13,595.556,595.89,1405248.0
QQQ,2025-10-10 14:30:00,595.88,596.35,594.87,594.9,1134164.0
QQQ,2025-10-10 14:45:00,594.92,595.67,593.59,593.99,2033946.0
QQQ,2025-10-10 15:00:00,594.0,595.11,593.19,593.5445,2582118.0
QQQ,2025-10-10 15:15:00,593.52,594.03,592.16,592.6065,2470178.0
QQQ,2025-10-10 15:30:00,592.64,592.96,590.59,592.73,4061538.0
QQQ,2025-10-10 15:45:00,592.72,593.24,589.05,589.485,9044594.0
QQQ,2025-10-10 16:00:00,589.47,600.2753,589.27,590.46,3360802.0
QQQ,2025-10-10 16:15:00,590.44,610.694,589.3747,590.48,2395296.0
QQQ,2025-10-10 16:30:00,590.48,590.51,589.5,589.96,581182.0
QQQ,2025-10-10 16:45:00,589.93,590.04,583.63,584.46,1698690.0
QQQ,2025-10-10 17:00:00,584.5,589.5,584.09,584.61,706978.0
QQQ,2025-10-10 17:15:00,584.61,584.7,582.76,583.0,615057.0
QQQ,2025-10-10 17:30:00,583.0,583.47,582.03,583.18,330470.0
QQQ,2025-10-10 17:45:00,583.15,583.25,582.47,583.19,225002.0
QQQ,2025-10-10 18:00:00,583.19,588.2,583.08,587.4301,427172.0
QQQ,2025-10-10 18:15:00,587.46,588.0,586.74,587.6799,158472.0
QQQ,2025-10-10 18:30:00,587.68,587.95,586.0,586.15,128193.0
QQQ,2025-10-10 18:45:00,586.15,587.62,586.07,587.52,101950.0
QQQ,2025-10-10 19:00:00,587.5291,587.82,587.5,587.63,63463.0
QQQ,2025-10-10 19:15:00,587.62,589.225,587.5,588.89,155093.0
QQQ,2025-10-10 19:30:00,588.93,589.99,588.9,589.82,117404.0
QQQ,2025-10-10 19:45:00,589.83,590.56,589.81,589.93,177260.0
QQQ,2025-10-13 04:00:00,602.28,602.28,598.0,600.96,217450.0
QQQ,2025-10-13 04:15:00,600.99,601.34,600.32,600.32,151367.0
QQQ,2025-10-13 04:30:00,600.38,600.95,600.04,600.05,143926.0
QQQ,2025-10-13 04:45:00,600.06,600.94,600.02,600.81,145626.0
QQQ,2025-10-13 05:00:00,600.8,600.95,600.29,600.53,178567.0
QQQ,2025-10-13 05:15:00,600.52,600.94,600.4,600.44,118073.0
QQQ,2025-10-13 05:30:00,600.44,600.51,600.04,600.13,107103.0
QQQ,2025-10-13 05:45:00,600.14,600.47,599.9,600.15,128944.0
QQQ,2025-10-13 06:00:00,600.13,600.57,599.98,600.43,151809.0
QQQ,2025-10-13 06:15:00,600.42,600.47,599.68,600.44,194711.0
QQQ,2025-10-13 06:30:00,600.42,600.87,599.95,600.04,162075.0
QQQ,2025-10-13 06:45:00,600.02,600.36,599.7,600.24,168501.0
QQQ,2025-10-13 07:00:00,600.24,600.63,597.42,598.63,697544.0
QQQ,2025-10-13 07:15:00,598.57,599.08,597.99,598.15,208165.0
QQQ,2025-10-13 07:30:00,598.17,599.01,597.46,598.89,264810.0
QQQ,2025-10-13 07:45:00,598.87,599.39,598.57,598.99,267251.0
QQQ,2025-10-13 08:00:00,594.82,602.47,594.82,599.37,839719.0
QQQ,2025-10-13 08:15:00,599.36,599.75,589.5,599.4,390621.0
QQQ,2025-10-13 08:30:00,599.39,611.52,599.34,599.58,326530.0
QQQ,2025-10-13 08:45:00,599.58,599.769,589.5,598.7602,605483.0
QQQ,2025-10-13 09:00:00,598.74,601.22,598.73,600.28,1192577.0
QQQ,2025-10-13 09:15:00,600.3,600.82,599.62,599.7,694178.0
QQQ,2025-10-13 09:30:00,599.68,600.11,597.23,599.35,7063662.0
QQQ,2025-10-13 09:45:00,599.31,601.25,598.31,601.16,3799218.0
QQQ,2025-10-13 10:00:00,601.14,601.74,600.6215,601.0601,3444262.0
QQQ,2025-10-13 10:15:00,601.05,601.54,598.74,599.63,2843609.0
QQQ,2025-10-13 10:30:00,599.65,601.16,598.95,599.83,2417291.0
QQQ,2025-10-13 10:45:00,599.83,600.8,597.6842,598.0397,2563363.0
QQQ,2025-10-13 11:00:00,598.06,599.91,597.74,599.72,2425577.0
QQQ,2025-10-13 11:15:00,599.72,601.09,599.72,600.8956,1833320.0
QQQ,2025-10-13 11:30:00,600.9,601.39,600.3,600.35,1419750.0
QQQ,2025-10-13 11:45:00,600.38,601.47,600.33,601.255,1238511.0
QQQ,2025-10-13 12:00:00,601.29,601.58,600.93,601.49,1343509.0
QQQ,2025-10-13 12:15:00,601.5,602.24,600.71,601.66,1949881.0
QQQ,2025-10-13 12:30:00,601.67,602.12,601.15,601.47,1451154.0
QQQ,2025-10-13 12:45:00,601.48,602.77,601.18,602.58,1931606.0
QQQ,2025-10-13 13:00:00,602.6,602.83,601.6,601.8199,1583477.0
QQQ,2025-10-13 13:15:00,601.8293,602.16,601.26,601.54,1299195.0
QQQ,2025-10-13 13:30:00,601.57,601.69,601.1601,601.2751,854900.0
QQQ,2025-10-13 13:45:00,601.26,602.09,601.21,602.09,887208.0
QQQ,2025-10-13 14:00:00,602.08,602.34,601.95,602.06,936575.0
QQQ,2025-10-13 14:15:00,602.09,602.73,602.08,602.66,789442.0
QQQ,2025-10-13 14:30:00,602.67,602.95,601.58,601.96,1214474.0
QQQ,2025-10-13 14:45:00,601.97,602.0899,601.21,601.47,1014547.0
QQQ,2025-10-13 15:00:00,601.48,601.9,601.03,601.57,1366436.0
QQQ,2025-10-13 15:15:00,601.57,602.6,601.49,601.8,1250395.0
QQQ,2025-10-13 15:30:00,601.8,602.49,601.65,602.38,1356465.0
QQQ,2025-10-13 15:45:00,602.37,602.6699,601.65,602.04,5346079.0
QQQ,2025-10-13 16:00:00,602.04,602.2312,589.3652,601.87,4609939.0
QQQ,2025-10-13 16:15:00,601.87,602.25,589.3652,601.8992,292054.0
QQQ,2025-10-13 16:30:00,601.89,601.89,601.62,601.63,92174.0
QQQ,2025-10-13 16:45:00,601.649,601.72,574.4041,601.67,38879.0
QQQ,2025-10-13 17:00:00,601.78,602.01,473.03,601.82,144739.0
QQQ,2025-10-13 17:15:00,601.82,602.01,601.7,601.97,240628.0
QQQ,2025-10-13 17:30:00,601.98,601.98,601.72,601.835,3606.0
QQQ,2025-10-13 17:45:00,601.835,602.01,601.79,601.89,106123.0
QQQ,2025-10-13 18:00:00,601.85,602.03,601.63,602.02,13389.0
QQQ,2025-10-13 18:15:00,602.05,602.19,601.48,601.48,17875.0
QQQ,2025-10-13 18:30:00,601.59,602.04,601.59,602.03,3760.0
QQQ,2025-10-13 18:45:00,602.05,602.2491,601.96,602.24,14062.0
QQQ,2025-10-13 19:00:00,602.25,602.25,601.8,601.8,15921.0
QQQ,2025-10-13 19:15:00,601.8,602.19,601.749,602.01,24965.0
QQQ,2025-10-13 19:30:00,602.005,602.04,601.54,601.65,15529.0
QQQ,2025-10-13 19:45:00,601.585,601.85,601.53,601.81,13219.0
SPY,2025-10-10 11:30:00,662.44,663.15,659.47,663.06,12055582.0
SPY,2025-10-10 11:45:00,663.05,664.09,660.77,661.85,7106807.0
SPY,2025-10-10 12:00:00,661.8107,662.16,660.22,661.95,5258853.0
SPY,2025-10-10 12:15:00,661.96,662.66,660.53,661.57,4631988.0
SPY,2025-10-10 12:30:00,661.58,662.7556,660.5,660.74,3560180.0
SPY,2025-10-10 12:45:00,660.75,661.2,658.91,659.12,4176398.0
SPY,2025-10-10 13:00:00,659.11,659.58,657.74,658.14,3811748.0
SPY,2025-10-10 13:15:00,658.21,659.89,657.98,659.77,2983374.0
SPY,2025-10-10 13:30:00,659.74,660.93,659.33,659.79,3127802.0
SPY,2025-10-10 13:45:00,659.78,660.05,658.77,659.59,2546213.0
SPY,2025-10-10 14:00:00,659.63,659.71,658.64,659.52,2439941.0
SPY,2025-10-10 14:15:00,659.53,660.09,658.69,659.1,2705342.0
SPY,2025-10-10 14:30:00,659.11,659.51,657.87,657.9,4394255.0
SPY,2025-10-10 14:45:00,657.9,658.53,656.78,657.18,3230177.0
SPY,2025-10-10 15:00:00,657.18,658.26,656.3,656.57,3383371.0
SPY,2025-10-10 15:15:00,656.54,657.28,655.51,655.99,4748127.0
SPY,2025-10-10 15:30:00,656.01,656.32,654.06,656.06,7039218.0
SPY,2025-10-10 15:45:00,656.075,656.81,652.84,653.11,14651868.0
SPY,2025-10-10 16:00:00,653.11,671.2084,652.6,654.17,10927253.0
SPY,2025-10-10 16:15:00,654.17,654.19,653.002,654.175,5745135.0
SPY,2025-10-10 16:30:00,654.17,671.2084,653.02,653.6997,1179742.0
SPY,2025-10-10 16:45:00,653.69,653.77,647.76,648.97,2260554.0
SPY,2025-10-10 17:00:00,649.11,653.02,648.0,649.06,591390.0
SPY,2025-10-10 17:15:00,649.07,649.35,619.9055,648.35,296409.0
SPY,2025-10-10 17:30:00,648.39,648.45,606.8517,647.55,250026.0
SPY,2025-10-10 17:45:00,647.55,647.6,646.5,646.9,270578.0
SPY,2025-10-10 18:00:00,646.9,651.0,646.2,649.725,527936.0
SPY,2025-10-10 18:15:00,649.725,650.67,649.03,650.3001,185635.0
SPY,2025-10-10 18:30:00,653.02,653.02,647.95,648.4,2711460.0
SPY,2025-10-10 18:45:00,648.4,650.1,647.675,649.795,125857.0
SPY,2025-10-10 19:00:00,649.795,653.02,649.49,650.11,52701.0
SPY,2025-10-10 19:15:00,650.13,651.39,649.83,651.3022,92623.0
SPY,2025-10-10 19:30:00,651.3,652.84,651.3,652.7,92566.0
SPY,2025-10-10 19:45:00,652.7,653.3,652.12,652.14,143984.0
SPY,2025-10-10 20:00:00,653.02,653.02,653.02,653.02,2541884.0
SPY,2025-10-13 04:00:00,660.17,663.31,658.17,662.71,150706.0
SPY,2025-10-13 04:15:00,662.65,662.82,661.91,661.91,62246.0
SPY,2025-10-13 04:30:00,662.02,662.5,661.58,661.58,28681.0
SPY,2025-10-13 04:45:00,661.62,662.45,661.57,662.3,21511.0
SPY,2025-10-13 05:00:00,662.28,662.46,661.81,662.03,15231.0
SPY,2025-10-13 05:15:00,661.99,662.4,661.91,661.98,13921.0
SPY,2025-10-13 05:30:00,661.99,662.06,661.6,661.71,21847.0
SPY,2025-10-13 05:45:00,661.72,662.01,661.58,661.65,12268.0
SPY,2025-10-13 06:00:00,661.67,662.0,661.55,661.85,18104.0
SPY,2025-10-13 06:15:00,661.85,661.85,661.2,661.8,32960.0
SPY,2025-10-13 06:30:00,661.75,662.22,661.28,661.41,31316.0
SPY,2025-10-13 06:45:00,661.37,661.75,661.04,661.68,65952.0
SPY,2025-10-13 07:00:00,661.65,662.18,658.9,660.14,361204.0
SPY,2025-10-13 07:15:00,660.09,660.49,659.74,659.9,199717.0
SPY,2025-10-13 07:30:00,659.93,660.55,659.24,660.44,218889.0
SPY,2025-10-13 07:45:00,660.44,660.77,660.01,660.26,131812.0
SPY,2025-10-13 08:00:00,660.25,663.97,658.9285,660.51,384386.0
SPY,2025-10-13 08:15:00,660.5,660.78,653.02,660.4487,150441.0
SPY,2025-10-13 08:30:00,660.42,661.12,660.36,660.94,182161.0
SPY,2025-10-13 08:45:00,660.94,661.25,653.02,660.53,163680.0
SPY,2025-10-13 09:00:00,660.5492,661.7,660.5195,661.4159,448578.0
SPY,2025-10-13 09:15:00,661.42,661.75,660.55,660.65,387716.0
SPY,2025-10-13 09:30:00,660.65,661.67,659.8,661.09,8279232.0
SPY,2025-10-13 09:45:00,661.08,663.0,660.34,662.8788,4989147.0
SPY,2025-10-13 10:00:00,662.87,663.23,661.92,662.2,4571799.0
SPY,2025-10-13 10:15:00,662.2,662.78,660.111,660.85,3480287.0
SPY,2025-10-13 10:30:00,660.88,662.48,660.16,661.52,2659983.0
SPY,2025-10-13 10:45:00,661.49,661.88,659.95,660.215,2438289.0
SPY,2025-10-13 11:00:00,660.21,661.62,659.7679,661.45,2474459.0
SPY,2025-10-13 11:15:00,661.44,662.85,661.42,662.72,2471470.0
SPY,2025-10-13 11:30:00,662.72,663.175,662.2387,662.3,2015626.0
SPY,2025-10-13 11:45:00,662.3,663.17,662.23,662.97,1579041.0
SPY,2025-10-13 12:00:00,662.98,663.4536,662.69,663.37,1503102.0
SPY,2025-10-13 12:15:00,663.4,665.13,662.64,663.49,3268366.0
SPY,2025-10-13 12:30:00,663.485,663.89,663.02,663.29,1124685.0
SPY,2025-10-13 12:45:00,663.29,664.37,663.05,664.24,1769522.0
SPY,2025-10-13 13:00:00,664.25,664.61,663.36,663.5,2644021.0
SPY,2025-10-13 13:15:00,663.51,663.765,662.915,663.12,1284598.0
SPY,2025-10-13 13:30:00,663.13,663.31,662.66,662.72,1084867.0
SPY,2025-10-13 13:45:00,662.71,663.27,662.37,663.26,1204882.0
SPY,2025-10-13 14:00:00,663.25,663.74,663.17,663.44,1349784.0
SPY,2025-10-13 14:15:00,663.42,664.05,663.42,663.94,1307261.0
SPY,2025-10-13 14:30:00,663.935,664.27,662.7,663.05,2055851.0
SPY,2025-10-13 14:45:00,663.05,663.08,661.82,662.08,2185052.0
SPY,2025-10-13 15:00:00,662.09,662.69,661.68,662.16,2501551.0
SPY,2025-10-13 15:15:00,662.15,663.35,662.06,662.8193,2080805.0
SPY,2025-10-13 15:30:00,662.8,663.54,662.63,663.41,2538801.0
SPY,2025-10-13 15:45:00,663.4,663.65,662.77,663.05,7017443.0
SPY,2025-10-13 16:00:00,663.06,663.22,653.0182,662.81,8049281.0
SPY,2025-10-13 16:15:00,662.81,663.04,662.6,662.75,197803.0
SPY,2025-10-13 16:30:00,662.7509,662.76,662.18,662.66,90360.0
SPY,2025-10-13 16:45:00,662.68,662.75,625.6116,662.6,35670.0
SPY,2025-10-13 17:00:00,662.79,663.04,662.54,662.72,24712.0
SPY,2025-10-13 17:15:00,662.71,663.04,662.7,662.75,179539.0
SPY,2025-10-13 17:30:00,662.725,662.75,662.68,662.695,6398.0
SPY,2025-10-13 17:45:00,662.695,663.04,662.69,662.855,46118.0
SPY,2025-10-13 18:00:00,662.74,663.11,662.65,663.08,30476.0
SPY,2025-10-13 18:15:00,663.12,663.26,662.61,662.61,17168.0
SPY,2025-10-13 18:30:00,663.04,663.09,662.64,663.045,1082137.0
SPY,2025-10-13 18:45:00,663.045,663.22,662.97,663.16,17103.0
SPY,2025-10-13 19:00:00,663.15,663.17,662.71,662.73,11743.0
SPY,2025-10-13 19:15:00,662.72,663.0588,662.61,662.94,4681.0
SPY,2025-10-13 19:30:00,662.915,662.93,662.46,662.59,9977.0
SPY,2025-10-13 19:45:00,662.5,662.77,662.41,662.77,5910.0
SPY,2025-10-13 20:00:00,663.04,663.04,662.75,662.75,1077206.0
